"","STATE","ST_CASE","VE_FORMS","VEH_NO","PER_NO","N_MOT_NO","COUNTY","DAY","MONTH","HOUR","MINUTE","ROAD_FNC","HARM_EV","MAN_COLL","SCH_BUS","MAKE","MAK_MOD","BODY_TYP","MOD_YEAR","VINTYPE","VINMAKE","VINA_MOD","VIN_BT","VINMODYR","VIN_LNGT","VIN_WGT","WGTCD_TR","WHLBS_LG","WHLBS_SH","SER_TR","FUELCODE","MCYCL_DS","TOW_VEH","SPEC_USE","EMER_USE","ROLLOVER","IMPACT1","IMPACT2","FIRE_EXP","AGE","SEX","PER_TYP","INJ_SEV","SEAT_POS","REST_USE","REST_MIS","AIR_BAG","EJECTION","EJ_PATH","EXTRICAT","DRINKING","ALC_DET","ALC_STATUS","ATST_TYP","ALC_RES","DRUGS","DRUG_DET","DSTATUS","DRUGTST1","DRUGTST2","DRUGTST3","DRUGRES1","DRUGRES2","DRUGRES3","HOSPITAL","DOA","DEATH_DA","DEATH_MO","DEATH_YR","DEATH_HR","DEATH_MN","DEATH_TM","LAG_HRS","LAG_MINS","P_SF1","P_SF2","P_SF3","CERT_NO","WORK_INJ","HISPANIC","RACE","LOCATION"
"1",9,90190,1,1,1,0,13,17,10,20,3,1,1,0,0,49,49401,14,2005,"P","TOYT","RV4","UT",5,17,3119,NA,0,980,NA,"G",NA,0,0,0,2,0,99,0,35,1,1,4,11,7,0,8,1,9,0,8,9,2,1,2,8,8,2,1,1,0,407,996,0,1,0,17,10,2010,22,32,2232,2,29,0,0,0,"************",0,7,1,0
"2",9,90190,1,1,2,0,13,17,10,20,3,1,1,0,0,49,49401,14,2005,"P","TOYT","RV4","UT",5,17,3119,NA,0,980,NA,"G",NA,0,0,0,2,0,99,0,29,1,2,4,13,7,0,8,1,9,0,8,9,2,1,10,8,8,2,1,1,0,407,996,0,0,7,17,10,2010,20,40,2040,0,37,0,0,0,"************",0,7,1,0
"3",9,90036,1,0,1,1,9,20,3,16,46,11,8,0,0,NA,NA,NA,NA,NA,NA,NA,NA,NA,NA,NA,NA,NA,NA,NA,NA,NA,NA,NA,NA,NA,NA,NA,NA,38,1,5,4,0,96,8,97,8,0,0,1,1,2,1,28,8,8,2,1,1,1,313,351,996,5,0,20,3,2010,17,25,1725,0,39,0,0,0,"************",0,4,98,11
"4",9,90038,1,1,1,0,11,21,3,23,42,11,1,0,0,12,12401,14,2002,"P","FORD","EPR","UT",2,17,4386,NA,0,1137,NA,"G",NA,0,0,0,2,0,13,0,33,1,1,2,11,3,0,1,0,0,0,1,1,2,1,8,0,1,2,1,0,0,1,0,0,5,0,88,88,8888,88,88,8888,999,99,0,0,0,"************",8,0,0,0
"5",9,90038,1,1,4,0,11,21,3,23,42,11,1,0,0,12,12401,14,2002,"P","FORD","EPR","UT",2,17,4386,NA,0,1137,NA,"G",NA,0,0,0,2,0,13,0,27,1,2,4,23,7,0,0,1,9,0,8,9,2,1,16,8,8,2,1,0,0,996,0,0,0,7,21,3,2010,23,49,2349,0,7,0,0,0,"************",0,7,18,0
"6",9,90046,2,2,1,0,3,10,1,2,26,11,12,1,0,49,49401,14,2005,"P","TOYT","RUN","UT",5,17,4090,NA,0,1098,NA,"G",NA,0,0,0,0,12,12,0,52,1,1,4,11,7,0,1,0,0,1,1,1,2,1,18,8,8,2,1,0,0,1,0,0,5,0,10,1,2010,99,99,9999,999,99,0,0,0,"************",0,7,1,0
"7",9,90055,1,1,1,0,9,7,4,0,8,11,24,0,0,20,20403,14,2004,"P","CHEV","TRL","UT",4,17,4612,NA,0,1130,NA,"G",NA,0,0,0,1,12,12,0,27,1,1,4,11,7,0,20,1,2,0,1,1,2,1,27,8,8,2,1,0,0,1,0,0,0,7,7,4,2010,0,21,21,0,13,0,0,0,"************",0,7,1,0
"8",9,90080,1,1,1,0,3,14,5,0,8,11,42,0,0,35,35443,20,2000,"P","NISS","QST","SV",0,17,3738,NA,0,1122,NA,"G",NA,0,0,0,0,10,10,0,53,1,1,4,11,3,0,20,0,0,0,1,1,2,1,19,8,8,2,1,0,0,997,0,0,9,9,14,5,2010,99,99,9999,999,99,0,0,0,"************",0,99,99,0
"9",9,90087,1,1,1,0,7,23,5,14,17,11,30,0,0,72,72706,80,2006,"M","HD","FCI","RS",6,17,NA,NA,NA,NA,NA,NA,1450,0,0,0,0,12,12,0,51,1,1,4,11,17,0,0,8,0,0,8,9,2,1,20,8,8,2,1,0,0,996,0,0,0,7,23,5,2010,14,26,1426,0,9,0,0,0,"************",0,7,1,0
"10",9,90098,1,1,1,0,1,6,6,21,14,11,25,0,0,51,51045,4,2009,"P","VOLV","S8T","4D",9,17,4016,NA,0,1116,NA,"G",NA,0,0,0,0,12,12,1,59,1,1,4,11,99,0,99,0,0,1,1,1,2,1,4,1,1,2,1,1,0,351,395,0,0,7,6,6,2010,21,20,2120,0,6,0,0,0,"************",0,7,1,0
"11",9,90103,2,2,1,0,9,11,6,23,33,11,12,1,0,37,37031,4,1994,"P","HOND","CDL","4D",94,17,2250,NA,0,1032,NA,"G",NA,0,0,0,0,12,12,0,21,1,1,4,11,7,0,1,0,0,1,8,9,2,1,20,8,8,2,1,0,0,1,0,0,0,7,11,6,2010,23,46,2346,0,13,0,0,0,"************",0,4,1,0
"12",9,90104,1,1,1,0,3,13,6,19,14,11,24,0,0,37,37031,4,1997,"P","HOND","UCL","4D",97,17,2426,NA,0,1032,NA,"G",NA,0,0,0,1,12,3,0,34,1,1,4,11,7,0,1,2,9,1,1,1,2,1,23,1,1,2,1,1,0,407,996,0,0,7,13,6,2010,19,26,1926,0,12,0,0,0,"************",0,4,1,0
"13",9,90114,3,3,1,0,3,27,6,0,31,11,12,2,0,35,35039,4,2001,"P","NISS","M20","4D",1,17,3071,NA,0,1083,NA,"G",NA,0,0,0,0,12,12,0,31,1,1,2,11,3,0,1,0,0,1,1,1,2,1,19,0,1,2,1,0,0,1,0,0,5,0,88,88,8888,88,88,8888,999,99,0,0,0,"************",8,0,0,0
"14",9,90134,2,2,1,0,3,9,7,23,38,11,12,1,0,54,54035,4,2002,"P","ACUR","3TS","4D",2,17,3558,NA,0,1081,NA,"G",NA,0,0,0,1,12,12,0,26,1,1,4,11,7,0,1,2,9,0,8,9,2,1,8,8,8,2,1,0,0,996,0,0,5,0,10,7,2010,4,44,444,5,6,0,0,0,"************",0,3,1,0
"15",9,90166,2,2,1,0,3,18,8,0,55,11,12,2,0,49,49402,14,2007,"P","TOYT","RG4","UT",7,17,3512,NA,0,1047,NA,"G",NA,0,0,0,0,12,12,0,51,1,1,0,11,3,0,9,0,0,0,1,1,2,1,14,0,1,2,1,0,0,1,0,0,0,0,88,88,8888,88,88,8888,999,99,0,0,0,"************",8,0,0,0
"16",9,90230,1,1,1,0,3,16,12,17,40,11,59,0,0,20,20401,14,2000,"P","CHEV","BZR","UT",0,17,4049,NA,0,1070,NA,"G",NA,0,0,0,1,12,12,0,45,1,1,4,11,99,0,1,0,0,1,1,5,2,1,11,8,8,2,1,0,0,996,0,0,5,0,16,12,2010,18,38,1838,0,58,0,0,0,"************",0,7,1,0
"17",9,90249,3,3,1,0,1,20,4,21,27,11,12,2,0,12,12402,14,2006,"P","FORD","SPE","UT",6,17,3407,NA,0,1031,NA,"G",NA,0,0,0,0,12,12,0,47,1,1,4,11,7,0,1,0,0,1,1,1,2,1,33,1,1,2,1,1,0,351,996,0,5,0,20,4,2010,22,20,2220,0,53,0,0,0,"************",0,7,1,0
"18",9,90301,2,2,1,0,3,23,12,17,16,11,12,7,0,20,20022,4,2006,"P","CHEV","BLS","4D",6,17,3216,NA,0,1033,NA,"G",NA,0,0,0,0,11,12,0,57,1,1,4,11,99,0,1,0,0,0,1,1,2,1,22,0,1,2,1,0,0,1,0,0,5,0,2,1,2011,99,99,9999,999,99,0,0,0,"************",0,7,1,0
"19",23,230069,1,1,1,0,31,15,8,1,50,1,1,0,0,30,30040,4,1991,"P","VOLK","JCG","4D",91,17,2275,NA,0,973,NA,"G",NA,0,0,0,2,0,13,0,28,1,1,0,11,99,0,99,0,0,0,1,5,2,1,22,8,8,0,0,0,0,0,0,0,0,0,88,88,8888,88,88,8888,999,99,0,0,0,"************",8,0,0,0
"20",25,250081,2,1,1,0,13,5,2,22,25,1,35,0,0,22,22016,2,1999,"P","PONT","SFS","CP",99,17,2630,NA,0,1041,NA,"G",NA,0,0,0,0,14,98,1,49,1,1,4,11,3,0,98,0,0,1,8,9,2,1,24,8,8,2,1,0,0,695,0,0,0,7,5,2,2010,22,25,2225,0,0,0,0,0,"************",0,7,2,0
"21",25,250005,1,0,1,1,25,14,1,20,4,11,8,0,0,NA,NA,NA,NA,NA,NA,NA,NA,NA,NA,NA,NA,NA,NA,NA,NA,NA,NA,NA,NA,NA,NA,NA,NA,33,1,5,4,0,96,8,97,8,0,0,8,9,2,1,11,8,8,2,1,0,0,1,0,0,5,0,15,1,2010,1,38,138,5,34,0,0,0,"************",0,6,1,11
"22",25,250009,1,1,1,0,5,23,1,0,57,11,26,0,0,49,49040,4,1996,"P","TOYT","DLX","4D",96,17,2932,NA,0,1031,NA,"G",NA,0,0,0,1,12,81,0,26,1,1,4,11,7,0,0,0,0,1,8,9,2,1,17,8,8,2,1,0,0,1,0,0,0,7,23,1,2010,1,6,106,0,9,0,0,0,"************",0,7,1,0
"23",25,250024,1,1,1,0,27,1,3,0,35,11,24,0,0,24,24001,4,1997,"P","STRN","SL2","4D",97,17,2362,NA,0,1024,NA,"G",NA,0,0,0,1,82,99,0,61,1,1,4,11,7,0,1,0,0,0,8,9,2,1,22,8,8,2,1,0,0,1,0,0,5,0,1,3,2010,1,15,115,0,40,0,0,0,"************",0,7,1,0
"24",25,250068,1,1,2,0,21,30,4,2,0,11,24,0,0,54,54421,15,2001,"P","ACUR","MDX","UT",1,17,4323,NA,0,1063,NA,"G",NA,0,0,0,0,9,12,0,21,1,2,4,21,99,0,98,1,9,0,8,9,2,1,6,8,8,2,1,0,0,1,0,0,0,7,30,4,2010,2,0,200,0,0,0,0,0,"************",0,6,98,0
"25",25,250179,1,1,1,0,5,2,11,22,7,11,1,0,0,37,37402,14,2004,"P","HOND","CRV","UT",4,17,0,NA,0,1031,NA,"G",NA,0,0,0,2,0,98,0,62,1,1,4,11,7,0,1,1,9,0,8,9,2,1,1,8,8,2,1,0,0,1,0,0,5,0,2,11,2010,22,55,2255,0,48,0,0,0,"************",0,7,1,0
"26",25,250186,1,1,1,0,27,20,11,20,30,11,24,0,0,72,72706,80,2010,"M","HD","FLF","RS",10,17,NA,NA,NA,NA,NA,NA,1584,0,0,0,0,12,98,0,53,1,1,4,11,5,0,0,8,0,0,8,9,2,1,19,8,8,2,1,0,0,695,0,0,5,0,20,11,2010,21,0,2100,0,30,0,0,0,"************",0,7,1,0
"27",25,250217,1,1,1,0,27,14,11,0,45,11,1,0,0,35,35039,4,2005,"P","NISS","MEL","4D",5,17,3321,NA,0,1112,NA,"G",NA,0,0,0,2,0,98,0,21,1,1,4,11,3,0,1,0,0,1,8,9,2,1,2,8,8,2,1,0,0,996,0,0,5,0,14,11,2010,5,41,541,4,56,0,0,0,"************",0,7,1,0
"28",25,250217,1,1,2,0,27,14,11,0,45,11,1,0,0,35,35039,4,2005,"P","NISS","MEL","4D",5,17,3321,NA,0,1112,NA,"G",NA,0,0,0,2,0,98,0,21,1,2,4,23,3,0,98,0,0,1,8,9,2,1,4,8,8,2,1,0,0,1,0,0,0,7,14,11,2010,1,45,145,1,0,0,0,0,"************",0,7,1,0
"29",25,250223,1,1,1,0,17,18,11,23,0,11,24,0,0,98,98706,80,2004,"M","VCTY","TBD","RS",4,17,NA,NA,NA,NA,NA,NA,1507,0,0,0,0,7,7,0,21,1,1,4,11,5,0,0,8,0,0,8,9,2,1,1,8,8,2,1,0,0,1,0,0,5,0,21,11,2010,2,5,205,51,5,0,0,0,"************",9,7,1,0
"30",25,250276,2,1,1,0,27,9,10,13,25,11,1,0,0,98,98709,80,2002,"U",NA,NA,NA,2,17,NA,NA,NA,NA,NA,NA,NA,0,0,0,0,0,98,0,25,1,1,4,11,16,0,0,8,0,0,8,9,2,1,5,8,8,2,1,0,0,695,0,0,5,0,9,10,2010,14,14,1414,0,49,0,0,0,"************",0,7,1,0
"31",25,250304,1,1,2,0,9,18,4,1,32,11,35,0,0,24,24007,4,2005,"P","STRN","SRL","C4",5,17,2843,NA,0,1035,NA,"G",NA,0,0,0,1,14,12,0,21,1,2,4,13,7,0,1,1,9,0,8,9,2,1,5,8,8,2,1,0,0,1,0,0,0,7,18,4,2010,1,32,132,0,0,0,0,0,"************",0,7,1,0
"32",33,330089,1,1,1,0,11,12,9,13,57,11,42,0,0,49,49050,3,2006,"P","TOYT","SXC","LB",6,17,2905,NA,0,1063,NA,"G",NA,0,0,0,0,12,12,0,24,1,1,4,11,3,0,1,0,0,1,1,1,2,1,8,8,8,2,1,0,0,401,0,0,0,7,12,9,2010,13,57,1357,0,0,0,0,0,"************",0,7,1,0
"33",33,330089,1,1,2,0,11,12,9,13,57,11,42,0,0,49,49050,3,2006,"P","TOYT","SXC","LB",6,17,2905,NA,0,1063,NA,"G",NA,0,0,0,0,12,12,0,25,1,2,4,13,7,0,1,0,0,1,1,2,2,1,2,8,8,2,1,0,0,1,0,0,0,7,12,9,2010,13,57,1357,0,0,0,0,0,"************",0,7,1,0
"34",33,330089,1,1,3,0,11,12,9,13,57,11,42,0,0,49,49050,3,2006,"P","TOYT","SXC","LB",6,17,2905,NA,0,1063,NA,"G",NA,0,0,0,0,12,12,0,25,1,2,4,21,7,0,0,0,0,1,1,1,2,1,21,8,8,2,1,0,0,603,0,0,0,7,12,9,2010,13,57,1357,0,0,0,0,0,"************",0,7,1,0
"35",33,330096,1,1,1,0,13,25,9,5,12,11,1,0,0,20,20402,14,2000,"P","CHEV","TKR","UT",0,17,2987,NA,0,976,NA,"G",NA,0,0,0,1,0,61,0,23,1,1,4,11,7,0,1,1,1,0,1,1,2,1,24,8,8,2,1,0,0,603,0,0,0,7,25,9,2010,5,12,512,0,0,0,0,0,"************",0,7,1,0
"36",33,330096,1,1,2,0,13,25,9,5,12,11,1,0,0,20,20402,14,2000,"P","CHEV","TKR","UT",0,17,2987,NA,0,976,NA,"G",NA,0,0,0,1,0,61,0,22,1,2,2,13,3,0,1,0,0,0,1,1,2,1,16,8,8,2,1,0,0,603,0,0,5,0,88,88,8888,88,88,8888,999,99,0,0,0,"************",8,0,0,0
"37",34,340103,2,1,1,0,7,28,3,6,25,11,12,1,0,35,35039,4,2001,"P","NISS","M20","4D",1,17,3071,NA,0,1083,NA,"G",NA,0,0,0,0,12,12,0,38,1,1,4,11,7,0,1,0,0,0,1,1,2,1,13,8,8,2,1,0,0,695,0,0,5,0,28,3,2010,7,15,715,0,50,0,0,0,"************",0,7,2,0
"38",34,340137,1,0,1,1,27,16,4,23,55,11,8,0,0,NA,NA,NA,NA,NA,NA,NA,NA,NA,NA,NA,NA,NA,NA,NA,NA,NA,NA,NA,NA,NA,NA,NA,NA,28,1,5,4,0,96,8,97,8,0,0,1,1,2,1,21,0,1,2,1,0,0,1,0,0,0,7,17,4,2010,0,15,15,0,20,0,0,0,"************",0,4,1,11
"39",34,340144,1,1,1,0,27,19,4,0,11,11,24,0,0,35,35481,31,2008,"T","NISS","TXP","CW",8,17,NA,2,0,1398,"TTN","G",NA,0,0,0,1,1,0,0,25,1,1,4,11,7,0,20,1,9,0,0,1,2,1,10,0,1,2,1,0,0,1,0,0,1,0,19,4,2010,1,22,122,1,11,0,0,0,"************",0,7,1,0
"40",34,340177,1,0,1,1,39,3,7,0,12,11,8,0,0,NA,NA,NA,NA,NA,NA,NA,NA,NA,NA,NA,NA,NA,NA,NA,NA,NA,NA,NA,NA,NA,NA,NA,NA,32,1,5,4,0,96,8,97,8,0,0,1,1,2,1,24,8,8,2,1,0,0,1,0,0,0,7,3,7,2010,0,35,35,0,23,0,0,0,"************",0,7,2,11
"41",34,340181,1,1,1,0,27,23,4,18,42,11,24,0,0,73,73705,80,1998,"M","KAWK","ZXE","RS",98,17,NA,NA,NA,NA,NA,NA,600,0,0,0,0,12,9,0,24,1,1,4,11,5,0,0,8,0,0,1,1,2,1,20,1,1,2,1,1,1,603,600,606,0,7,23,4,2010,19,1,1901,0,19,0,0,0,"************",0,2,1,0
"42",34,340189,1,1,1,0,5,25,4,3,42,11,25,0,0,42,42401,14,1998,"P","MERZ","ML3","UT",98,17,4210,NA,0,1110,NA,"G",NA,0,0,0,1,12,13,0,21,1,1,2,11,3,0,2,0,0,0,1,1,2,1,2,0,1,2,1,0,0,1,0,0,5,0,88,88,8888,88,88,8888,999,99,0,0,0,"************",8,0,0,0
"43",34,340249,1,1,1,0,27,19,6,19,54,11,1,0,0,23,23401,14,2000,"T","GMC","J/E","4W",0,17,NA,1,0,1070,"J/E","G",NA,0,0,0,2,0,13,0,45,1,1,4,11,7,0,20,1,2,0,1,1,2,1,10,0,1,2,1,0,0,1,0,0,0,7,19,6,2010,21,0,2100,1,6,0,0,0,"************",0,7,1,0
"44",34,340260,3,1,1,0,35,20,6,1,14,11,12,1,0,53,53705,80,2009,"M","SUZI","SX7","RC",9,17,NA,NA,NA,NA,NA,NA,750,0,0,0,0,12,12,0,56,1,1,2,11,16,0,0,8,0,0,1,1,2,1,9,0,1,2,1,0,0,1,0,0,5,0,88,88,8888,88,88,8888,999,99,0,0,0,"************",8,0,0,0
"45",34,340265,3,1,1,0,35,2,5,5,41,11,12,2,0,37,37031,4,1998,"P","HOND","UDX","4D",98,17,2787,NA,0,1069,NA,"G",NA,0,0,0,0,12,3,0,37,1,1,4,11,99,0,99,0,0,1,1,1,2,1,9,0,1,2,1,0,0,1,0,0,0,7,2,5,2010,6,19,619,0,38,0,0,0,"************",0,2,1,0
"46",34,340294,1,1,1,0,35,2,7,3,14,11,33,0,0,34,34036,1,2006,"P","BMW","650","CV",6,17,4277,NA,0,1094,NA,"G",NA,0,0,0,1,14,13,0,25,1,1,4,11,7,0,1,1,9,0,1,1,2,1,25,8,8,2,1,0,0,1,0,0,0,7,2,7,2010,3,58,358,0,44,0,0,0,"************",0,6,1,0
"47",34,340295,2,2,1,0,3,21,5,3,53,11,12,7,0,37,37709,80,2008,"M","HOND","23L","EN",8,17,NA,NA,NA,NA,NA,NA,223,0,0,0,0,61,61,0,39,1,1,4,11,99,0,0,8,0,0,1,1,2,1,19,0,1,2,1,0,0,1,0,0,0,7,21,5,2010,5,6,506,1,13,0,0,0,"************",0,2,1,0
"48",34,340321,1,1,3,0,13,21,8,1,55,11,33,0,0,54,54032,4,1993,"P","ACUR","LEL","4D",93,17,3170,NA,0,1146,NA,"G",NA,0,0,0,1,14,14,0,25,1,2,4,21,3,0,0,0,0,0,1,1,2,1,12,0,1,2,1,0,0,1,0,0,0,7,21,8,2010,2,39,239,0,44,0,0,0,"************",0,7,2,0
"49",34,340387,2,0,1,1,27,11,10,2,31,11,8,0,0,NA,NA,NA,NA,NA,NA,NA,NA,NA,NA,NA,NA,NA,NA,NA,NA,NA,NA,NA,NA,NA,NA,NA,NA,21,1,5,4,0,96,8,97,8,0,0,1,1,2,1,26,1,1,2,1,1,1,407,402,600,0,7,11,10,2010,2,46,246,0,15,0,0,0,"************",0,4,98,11
"50",34,340457,1,1,1,0,35,19,12,6,8,11,58,0,0,51,51043,4,2000,"P","VOLV","SGS","4D",0,17,3245,NA,0,1049,NA,"G",NA,0,0,0,0,14,9,0,23,1,1,4,11,3,0,1,0,0,0,1,1,2,1,2,0,1,2,1,0,0,1,0,0,1,0,19,12,2010,7,41,741,1,33,0,0,0,"************",0,7,1,0
"51",34,340487,2,2,1,0,3,13,10,5,20,11,12,1,0,14,14006,4,2000,"P","MERC","MGL","4D",0,17,3973,NA,0,1147,NA,"G",NA,0,0,0,0,12,12,0,33,1,1,4,11,99,0,99,0,0,1,1,1,2,1,16,8,8,2,1,1,0,407,402,0,0,7,13,10,2010,5,53,553,0,33,0,0,0,"************",0,7,2,0
"52",34,340528,2,1,1,0,13,30,12,23,27,11,12,7,0,34,34035,4,2000,"P","BMW","52A","4D",0,17,3549,NA,0,1114,NA,"G",NA,0,0,0,1,1,13,0,45,1,1,2,11,7,0,20,0,0,1,1,1,2,1,24,0,1,2,1,0,0,1,0,0,5,0,88,88,8888,88,88,8888,999,99,0,0,0,"************",8,0,0,0
"53",34,340528,2,1,2,0,13,30,12,23,27,11,12,7,0,34,34035,4,2000,"P","BMW","52A","4D",0,17,3549,NA,0,1114,NA,"G",NA,0,0,0,1,1,13,0,49,1,2,4,13,7,0,20,0,0,1,1,1,2,1,18,0,1,2,1,0,0,1,0,0,0,7,30,12,2010,23,52,2352,0,25,0,0,0,"************",0,7,1,0
"54",34,340529,1,1,1,0,35,5,12,5,16,11,35,0,0,41,41047,4,1999,"P","MAZD","MIL","4D",99,17,3241,NA,0,1083,NA,"G",NA,0,0,0,1,14,6,0,30,1,1,4,11,7,0,20,0,0,1,1,1,2,1,23,8,8,2,1,0,0,1,0,0,0,7,5,12,2010,5,16,516,0,0,0,0,0,"************",0,7,2,0
"55",36,360017,1,1,1,0,59,9,1,1,5,1,24,0,0,2,2404,14,1999,"T","JEEP","LRO","4W",99,17,NA,1,0,1059,"GCK","G",NA,0,0,0,1,12,13,0,57,1,1,4,11,7,0,20,1,9,0,8,9,2,1,22,8,8,2,1,0,0,1,0,0,0,7,9,1,2010,1,20,120,0,15,0,0,0,"************",0,7,2,0
"56",36,360143,2,1,1,0,29,21,3,19,6,1,12,1,0,53,53706,80,2008,"M","SUZI","GXR","RS",8,17,NA,NA,NA,NA,NA,NA,1340,0,0,0,0,12,12,1,29,1,1,4,11,5,0,0,8,0,0,1,9,2,1,12,8,8,2,1,0,0,1,0,0,3,0,21,3,2010,20,0,2000,0,54,0,0,0,"************",0,7,1,0
"57",36,360180,1,1,1,0,67,4,4,6,4,1,31,0,0,20,20401,14,1995,"P","CHEV","BZR","UT",95,17,3867,NA,0,1005,NA,"G",NA,0,0,0,1,5,5,0,28,1,1,4,11,3,0,20,2,9,0,1,9,2,1,14,8,8,2,1,1,1,695,167,1,0,7,4,4,2010,6,30,630,0,26,0,0,0,"************",0,7,1,0
"58",36,360630,3,2,1,0,93,26,6,21,56,1,12,1,0,35,35043,4,2006,"P","NISS","S18","4D",6,17,2509,NA,0,998,NA,"G",NA,0,0,0,0,12,12,0,31,1,1,4,11,3,0,1,0,0,1,1,9,2,1,17,8,8,2,1,0,0,1,0,0,5,0,26,6,2010,23,35,2335,1,39,0,0,0,"************",9,7,1,0
"59",36,360680,1,1,2,0,59,6,9,4,46,1,25,0,0,6,6441,20,2008,"P","CHRY","TWC","SV",8,17,4335,NA,0,1212,NA,"F",NA,0,0,0,0,12,12,0,28,1,2,4,13,7,0,1,0,0,1,8,9,2,1,15,8,8,2,1,0,0,1,0,0,3,0,6,9,2010,5,28,528,0,42,0,0,0,"************",0,1,98,0
"60",36,360914,1,0,1,1,5,2,10,23,25,1,8,0,0,NA,NA,NA,NA,NA,NA,NA,NA,NA,NA,NA,NA,NA,NA,NA,NA,NA,NA,NA,NA,NA,NA,NA,NA,44,1,5,4,0,96,8,97,8,0,0,8,9,2,1,27,8,8,2,1,0,0,1,0,0,0,7,2,10,2010,23,32,2332,0,7,0,0,0,"************",0,99,99,11
"61",36,361061,1,1,2,0,47,1,10,23,58,1,59,0,0,37,37031,2,1999,"P","HOND","UCH","CP",99,17,2370,NA,0,1032,NA,"G",NA,0,0,0,0,5,5,0,21,1,2,4,13,3,0,99,0,0,9,8,9,2,1,9,8,8,2,1,0,0,1,0,0,3,0,2,10,2010,1,41,141,1,43,0,0,0,"************",0,99,99,0
"62",36,360432,1,0,1,1,81,26,1,1,6,11,8,0,0,NA,NA,NA,NA,NA,NA,NA,NA,NA,NA,NA,NA,NA,NA,NA,NA,NA,NA,NA,NA,NA,NA,NA,NA,27,1,5,4,0,96,8,97,8,0,0,8,9,2,1,28,8,8,2,1,0,0,1,0,0,0,7,26,1,2010,1,6,106,0,0,0,0,0,"************",0,99,99,11
"63",42,420120,1,1,1,0,125,12,2,9,0,1,48,0,0,37,37032,4,2005,"P","HOND","UEX","4D",5,17,3203,NA,0,1079,NA,"G",NA,0,0,0,1,12,14,0,56,1,1,4,11,3,0,8,0,0,1,9,9,2,1,8,9,8,2,1,0,0,997,0,0,5,0,12,2,2010,13,27,1327,4,27,0,0,0,"************",0,99,99,0
"64",42,420374,1,1,1,0,69,15,5,5,33,1,35,0,0,37,37032,2,1993,"P","HOND","ASE","CP",93,17,3014,NA,0,1071,NA,"G",NA,0,0,0,1,1,9,1,28,1,1,4,11,3,0,8,0,0,1,9,9,2,1,2,9,8,2,1,0,0,304,0,0,0,7,15,5,2010,7,0,700,1,27,0,0,0,"************",0,99,99,0
"65",42,420885,2,1,1,0,11,26,10,2,35,1,12,1,0,41,41050,4,2010,"P","MAZD","M6I","4D",10,17,3258,NA,0,1098,NA,"G",NA,0,0,0,0,12,12,0,25,1,1,4,11,7,0,1,0,0,1,1,1,2,1,24,0,7,2,1,0,0,1,0,0,0,7,26,10,2010,3,35,335,1,0,0,0,0,"************",0,99,99,0
"66",42,420998,2,1,1,0,85,27,10,2,36,1,12,8,0,12,12471,30,1991,"T","FORD","RNG","PK",91,17,NA,1,1140,1080,"RNG","G",NA,0,0,0,1,11,0,0,23,1,1,4,11,99,0,0,1,2,0,9,9,2,1,23,9,8,2,1,0,0,606,0,0,0,7,27,10,2010,3,30,330,0,54,0,0,0,"************",0,99,99,0
"67",42,421032,1,1,1,0,11,24,11,23,56,1,35,0,0,41,41051,4,2007,"P","MAZD","M3S","4D",7,17,2906,NA,0,1039,NA,"G",NA,0,0,0,1,10,0,0,23,1,1,4,11,7,0,20,1,2,0,1,1,2,1,11,0,7,2,1,0,0,1,0,0,0,7,25,11,2010,1,10,110,1,14,0,0,0,"************",0,99,99,0
"68",42,420017,3,1,1,0,49,22,1,23,11,11,12,2,0,20,20401,14,2003,"P","CHEV","BZR","UT",3,17,3884,NA,0,1005,NA,"G",NA,0,0,0,0,12,12,0,23,1,1,0,11,3,0,8,0,0,0,1,1,2,1,27,0,7,2,1,0,0,997,0,0,0,0,88,88,8888,88,88,8888,999,99,0,0,0,"************",8,0,0,0
"69",42,420052,3,2,1,0,101,1,1,3,3,11,12,1,0,12,12035,4,1999,"P","FORD","LXC","4D",99,17,2774,NA,0,1065,NA,"G",NA,0,0,0,0,6,6,0,45,1,1,4,11,99,0,20,2,1,1,8,9,2,1,19,8,8,2,1,0,0,1,0,0,0,7,1,1,2010,3,42,342,0,39,0,0,0,"************",0,99,99,0
"70",42,420145,1,1,1,0,89,5,3,22,35,11,35,0,0,37,37032,2,1996,"P","HOND","UER","CP",96,17,2930,NA,0,1069,NA,"G",NA,0,0,0,1,12,12,0,31,1,1,4,11,7,0,20,1,9,0,1,5,2,1,16,0,7,2,1,0,0,997,0,0,0,7,5,3,2010,23,26,2326,0,51,0,0,0,"************",0,99,99,0
"71",42,420160,1,0,1,1,133,5,3,0,10,11,8,0,0,NA,NA,NA,NA,NA,NA,NA,NA,NA,NA,NA,NA,NA,NA,NA,NA,NA,NA,NA,NA,NA,NA,NA,NA,30,1,5,4,0,96,8,97,8,0,0,1,5,2,1,30,0,7,2,1,0,0,1,0,0,0,7,6,3,2010,0,10,10,24,0,0,0,0,"************",0,99,99,11
"72",42,420308,1,1,1,0,81,2,5,1,40,11,35,0,0,12,12017,4,2000,"P","FORD","TSS","4D",0,17,3333,NA,0,1085,NA,"F",NA,0,0,0,1,12,0,0,24,1,1,4,11,7,0,20,1,2,0,1,1,2,1,33,0,7,2,1,0,0,1,0,0,0,7,2,5,2010,2,40,240,1,0,0,0,0,"************",0,99,99,0
"73",42,420346,1,1,1,0,81,11,5,3,12,11,24,0,0,12,12016,4,2003,"P","FORD","CVP","4D",3,17,3946,NA,0,1147,NA,"G",NA,0,0,0,0,11,11,1,24,1,1,3,11,3,0,1,0,0,0,1,1,2,1,5,0,7,2,1,0,0,997,0,0,1,0,88,88,8888,88,88,8888,999,99,0,0,0,"************",8,0,0,0
"74",42,420350,1,1,1,0,91,29,5,2,40,11,24,0,0,37,37032,4,2000,"P","HOND","UEX","4D",0,17,3285,NA,0,1069,NA,"G",NA,0,0,0,0,12,12,0,28,1,1,4,11,7,0,8,0,0,1,1,5,2,1,14,0,7,2,1,0,0,1,0,0,0,7,29,5,2010,99,99,9999,999,99,0,0,0,"************",0,99,99,0
"75",42,420351,1,1,1,0,45,28,5,0,15,11,24,0,0,37,37421,15,2003,"P","HOND","PIL","UT",3,17,4439,NA,0,1063,NA,"G",NA,0,0,0,1,10,0,0,35,1,1,4,11,7,0,8,2,2,1,1,1,2,1,18,0,1,2,1,0,0,1,0,0,0,7,28,5,2010,0,22,22,0,7,0,0,0,"************",0,99,99,0
"76",42,420472,2,1,1,0,89,7,5,3,9,11,12,7,0,12,12401,14,2003,"P","FORD","EPR","UT",3,17,4094,NA,0,1137,NA,"G",NA,0,0,0,1,9,9,0,23,1,1,4,11,7,0,20,1,2,0,1,5,2,1,20,0,7,2,1,0,0,997,0,0,0,7,7,5,2010,4,5,405,0,56,0,0,0,"************",0,99,99,0
"77",42,420495,2,1,1,0,43,3,5,3,7,11,12,6,0,12,12443,20,2006,"P","FORD","FRE","SV",6,17,4275,NA,0,1208,NA,"G",NA,0,0,0,0,9,9,0,30,1,1,4,11,3,0,20,0,0,1,0,5,2,1,23,1,7,2,1,0,0,606,0,0,0,7,3,5,2010,3,55,355,0,48,0,0,0,"************",0,99,99,0
"78",42,420584,2,1,1,0,101,16,6,1,0,11,12,2,0,37,37032,4,2000,"P","HOND","ULX","4D",0,17,3053,NA,0,1069,NA,"G",NA,0,0,0,0,12,12,0,48,1,1,4,11,7,0,1,0,0,1,1,1,2,1,27,0,1,2,1,0,0,1,0,0,5,0,16,6,2010,1,37,137,0,37,0,0,0,"************",0,99,99,0
"79",42,420939,2,1,1,0,43,15,9,21,37,11,12,2,0,20,20037,4,1998,"P","CHEV","M/L","4D",98,17,3100,NA,0,1070,NA,"G",NA,0,0,0,0,12,12,0,61,1,1,4,11,7,0,1,0,0,1,1,1,2,1,21,0,1,2,1,0,0,1,0,0,0,7,15,9,2010,21,37,2137,0,0,0,0,0,"************",0,99,99,0
"80",42,420956,2,1,1,0,3,18,9,23,40,11,12,2,0,55,55036,3,2008,"P","HYUN","AGS","2H",8,17,2467,NA,0,984,NA,"G",NA,0,0,0,1,12,12,0,21,1,1,4,11,3,0,8,0,0,0,1,1,2,1,19,0,1,2,1,0,0,1,0,0,0,7,18,9,2010,23,57,2357,0,17,0,0,0,"************",0,99,99,0
"81",42,421055,1,1,1,0,3,29,11,0,41,11,43,0,0,12,12461,21,1997,"T","FORD","15V","IC",97,17,NA,2,0,1380,"VAN","G",NA,0,0,0,1,14,11,0,40,1,1,4,11,7,0,8,1,2,0,1,5,2,1,24,0,7,2,1,0,0,997,0,0,5,0,29,11,2010,0,59,59,0,18,0,0,0,"************",0,99,99,0
"82",42,421116,2,1,1,0,101,25,11,2,24,11,12,2,0,52,52034,4,2005,"P","MITS","ELM","4D",5,17,3351,NA,0,1083,NA,"G",NA,0,0,0,0,12,12,0,31,1,1,4,11,7,0,8,0,0,1,1,5,2,1,20,1,7,2,1,0,0,1,0,0,0,7,25,11,2010,3,14,314,0,50,0,0,0,"************",0,99,99,0
"83",42,421116,2,2,1,0,101,25,11,2,24,11,12,2,0,58,58035,4,2001,"P","INFI","I30","4D",1,17,3227,NA,0,1063,NA,"G",NA,0,0,0,0,12,12,0,23,1,1,4,11,3,0,8,0,0,1,1,5,2,1,3,0,7,2,1,0,0,1,0,0,5,0,25,11,2010,3,30,330,1,6,0,0,0,"************",0,99,99,0
"84",42,420648,2,1,1,0,17,20,7,22,33,11,12,1,0,37,37706,80,1981,"M","HOND","C9C","RS",81,17,NA,NA,NA,NA,NA,NA,902,0,0,0,0,12,12,0,58,1,1,4,11,17,0,0,8,0,0,1,1,2,1,17,0,1,2,1,0,0,1,0,0,5,0,29,7,2010,19,5,1905,212,32,0,0,0,"************",0,99,99,0
"85",44,440015,3,0,1,1,7,3,4,2,35,11,8,0,0,NA,NA,NA,NA,NA,NA,NA,NA,NA,NA,NA,NA,NA,NA,NA,NA,NA,NA,NA,NA,NA,NA,NA,NA,24,1,5,4,0,96,8,97,8,0,0,1,5,2,1,15,8,8,2,1,0,0,606,0,0,0,7,3,4,2010,2,48,248,0,13,0,0,0,"************",0,7,1,11
"86",44,440021,1,1,2,0,7,18,4,2,5,11,18,0,0,42,42042,4,2009,"P","MERZ","C4A","4D",9,17,3737,NA,0,1087,NA,"G",NA,0,0,0,1,1,1,0,43,1,2,4,13,7,0,8,0,0,0,9,9,2,1,25,8,8,2,1,0,0,1,0,0,5,0,18,4,2010,2,35,235,0,30,0,0,0,"************",0,7,1,0
"87",44,440026,1,1,1,0,7,23,5,19,44,11,24,0,0,12,12401,14,2000,"P","FORD","EPR","UT",0,17,4274,NA,0,1116,NA,"G",NA,0,0,0,1,12,12,0,46,1,1,4,11,3,0,1,0,0,1,9,9,2,1,25,9,8,2,1,0,0,1,0,0,0,7,23,5,2010,19,50,1950,0,6,0,0,0,"************",0,7,1,0
"88",44,440033,1,1,1,0,7,23,6,21,17,11,25,0,0,37,37706,80,1995,"M","HOND","CR9","RS",95,17,NA,NA,NA,NA,NA,NA,900,0,0,0,0,1,1,0,33,1,1,4,11,17,0,0,8,0,0,0,8,2,1,3,0,8,2,1,0,0,1,0,0,0,7,23,6,2010,21,28,2128,0,11,0,0,0,"************",0,7,1,0
"89",44,440034,1,1,1,0,7,19,6,1,22,11,25,0,0,72,72706,80,2007,"M","HD","FLF","RS",7,17,NA,NA,NA,NA,NA,NA,1584,0,0,0,0,1,1,0,37,1,1,4,11,17,0,0,8,0,0,0,8,2,1,21,0,8,2,1,0,0,1,0,0,0,7,19,6,2010,1,28,128,0,6,0,0,0,"************",0,4,1,0
"90",44,440046,3,2,1,0,3,17,8,1,54,11,12,6,0,12,12037,4,2010,"P","FORD","FSE","4D",10,17,2623,NA,0,1029,NA,"G",NA,0,0,0,1,12,11,0,19,1,1,3,11,7,0,8,1,9,0,1,9,2,1,9,1,8,2,1,0,0,1,0,0,5,0,88,88,8888,88,88,8888,999,99,0,0,0,"************",8,0,0,0
"91",44,440047,2,1,1,0,7,20,8,1,45,11,12,6,0,32,32042,4,2001,"P","AUDI","A64","4D",1,17,3891,NA,0,1086,NA,"G",NA,0,0,0,1,12,13,0,21,1,1,4,11,3,0,2,0,0,9,1,9,2,1,16,8,8,2,1,0,0,606,0,0,0,7,20,8,2010,2,0,200,0,15,0,0,0,"************",0,7,1,0
"92",50,500008,1,1,1,0,17,20,4,1,44,1,52,0,0,48,48038,6,2003,"P","SUBA","ITS","SW",3,17,3045,NA,0,994,NA,"G",NA,0,0,0,1,99,61,0,24,1,1,4,11,3,0,20,2,1,0,1,1,2,1,22,0,1,2,1,0,0,1,0,0,0,7,20,4,2010,1,44,144,0,0,0,0,0,"************",0,7,1,0
"93",50,500055,2,1,2,0,23,4,12,18,4,1,24,0,0,2,2404,14,2004,"T","JEEP","LCF","4W",4,17,NA,1,0,1059,"GCK","G",NA,0,0,0,0,6,8,0,20,1,2,4,21,7,0,99,1,9,0,0,9,2,1,8,0,8,2,1,1,0,401,600,0,5,0,4,12,2010,19,24,1924,1,20,0,0,0,"************",0,7,1,0
"94",9,90050,1,1,1,0,11,30,1,9,6,11,35,0,0,20,20039,5,2004,"P","CHEV","AVO","4D",4,17,2343,NA,0,976,NA,"G",NA,0,0,0,1,14,13,0,25,2,1,4,11,3,0,1,0,0,1,1,1,2,1,4,0,1,2,1,0,0,1,0,0,0,7,30,1,2010,99,99,9999,999,99,0,0,0,"************",0,7,1,0
"95",9,90114,3,1,1,0,3,27,6,0,31,11,12,2,0,35,35047,4,2006,"P","NISS","ASL","4D",6,17,2915,NA,0,1102,NA,"G",NA,0,0,0,0,12,12,0,32,2,1,4,11,3,0,1,0,0,1,1,1,2,1,10,0,1,2,1,0,0,1,0,0,0,7,27,6,2010,0,52,52,0,21,0,0,0,"************",0,2,1,0
"96",9,90183,1,0,1,1,9,21,8,22,54,11,8,0,0,NA,NA,NA,NA,NA,NA,NA,NA,NA,NA,NA,NA,NA,NA,NA,NA,NA,NA,NA,NA,NA,NA,NA,NA,21,2,5,4,0,96,8,97,8,0,0,1,1,2,1,28,1,1,2,1,0,0,407,0,0,5,0,21,8,2010,23,40,2340,0,46,37,0,0,"************",0,7,1,11
"97",9,90189,2,2,1,0,3,25,8,2,32,11,12,6,0,2,2404,14,1997,"T","JEEP","LRT","4W",97,17,NA,1,0,1059,"GCK","G",NA,0,0,0,0,83,83,0,17,2,1,2,11,3,0,20,0,0,0,1,1,2,1,6,0,1,2,1,0,0,1,0,0,5,0,88,88,8888,88,88,8888,999,99,0,0,0,"************",8,0,0,0
"98",9,90201,1,1,2,0,1,29,10,2,9,11,42,0,0,30,30040,4,2007,"P","VOLK","JET","4D",7,17,3193,NA,0,1015,NA,"G",NA,0,0,0,2,12,99,0,20,2,2,4,13,3,0,1,0,0,0,8,9,2,1,15,8,8,2,1,0,0,996,0,0,0,7,29,10,2010,2,35,235,0,26,0,0,0,"************",0,7,1,0
"99",25,250011,1,1,1,0,5,24,1,20,28,11,24,0,0,12,12017,4,1999,"P","FORD","TSE","4D",99,17,3353,NA,0,1085,NA,"G",NA,0,0,0,1,81,98,0,65,2,1,4,11,3,0,1,2,2,0,0,5,2,1,11,8,8,2,1,1,0,695,401,0,5,0,24,1,2010,21,31,2131,1,3,0,0,0,"************",9,7,1,0
"100",25,250123,2,1,1,0,27,17,7,3,20,11,12,2,0,20,20404,14,2005,"P","CHEV","EQU","UT",5,17,3776,NA,0,1125,NA,"G",NA,0,0,0,0,12,12,0,23,2,1,4,11,7,0,1,0,0,0,8,9,2,1,23,8,8,2,1,1,0,407,402,0,0,7,17,7,2010,3,30,330,0,10,0,0,0,"************",0,7,1,0
"101",25,250247,2,1,1,0,13,11,12,5,13,11,12,2,0,55,55035,4,2008,"P","HYUN","GST","4D",8,17,2723,NA,0,1043,NA,"G",NA,0,0,0,0,12,12,0,29,2,1,4,11,3,0,20,0,0,1,8,9,2,1,12,8,8,2,1,0,0,1,0,0,0,7,11,12,2010,5,30,530,0,17,0,0,0,"************",0,7,1,0
"102",25,250311,2,1,1,0,9,17,7,4,17,11,24,0,0,21,21023,4,2000,"P","OLDS","ILS","4D",0,17,3455,NA,0,1090,NA,"G",NA,0,0,0,0,62,62,0,21,2,1,4,11,7,0,1,1,9,0,8,9,2,1,13,8,8,2,1,0,0,1,0,0,0,7,17,7,2010,4,28,428,0,11,0,0,0,"************",0,7,1,0
"103",33,330016,1,1,1,0,13,10,2,17,0,1,1,0,0,30,30040,4,2006,"P","VOLK","JOP","4D",6,17,3118,NA,0,1015,NA,"G",NA,0,0,0,1,0,81,0,54,2,1,4,11,7,0,20,1,6,0,1,1,2,1,22,8,8,2,1,0,0,1,0,0,0,7,10,2,2010,17,0,1700,0,0,0,0,0,"************",0,7,1,0
"104",33,330019,1,1,1,0,11,6,3,14,54,11,1,0,0,20,20482,31,2002,"T","CHEV","KAV","CW",2,17,NA,2,0,1300,"AVL","G",NA,0,0,0,1,0,83,1,50,2,1,4,11,7,0,1,1,2,0,1,1,2,1,33,1,1,2,1,0,0,603,0,0,0,7,6,3,2010,14,54,1454,0,0,0,0,0,"************",0,7,1,0
"105",34,340419,1,1,3,0,19,12,9,2,2,1,24,0,0,12,12401,14,2006,"P","FORD","EPR","UT",6,17,4310,NA,0,1137,NA,"G",NA,0,0,0,0,11,62,0,42,2,2,4,21,7,0,20,1,2,0,1,1,2,1,1,0,1,2,1,0,0,1,0,0,5,0,12,9,2010,2,20,220,0,18,0,0,0,"************",0,7,2,0
"106",34,340144,1,1,2,0,27,19,4,0,11,11,24,0,0,35,35481,31,2008,"T","NISS","TXP","CW",8,17,NA,2,0,1398,"TTN","G",NA,0,0,0,1,1,0,0,19,2,2,4,21,7,0,0,1,9,0,1,5,2,1,15,8,8,2,1,0,0,1,0,0,0,7,19,4,2010,2,36,236,2,25,0,0,0,"************",0,7,1,0
"107",34,340197,2,1,1,0,5,14,5,22,52,11,24,0,0,37,37031,2,1988,"P","HOND","CSI","2H",88,17,1951,NA,0,906,NA,"G",NA,0,0,0,1,1,4,0,39,2,1,4,11,7,0,20,1,9,0,1,1,2,1,31,0,1,2,1,0,0,1,0,0,0,7,14,5,2010,22,52,2252,0,0,0,0,0,"************",0,2,1,0
"108",34,340228,1,1,1,0,7,13,7,19,52,11,1,0,0,20,20016,4,2000,"P","CHEV","CAV","4D",0,17,2676,NA,0,1041,NA,"G",NA,0,0,0,2,0,13,0,30,2,1,4,11,3,0,1,0,0,1,1,1,2,1,1,0,1,2,1,0,0,1,0,0,5,0,20,7,2010,0,37,37,148,45,0,0,0,"************",0,7,1,0
"109",34,340294,1,1,3,0,35,2,7,3,14,11,33,0,0,34,34036,1,2006,"P","BMW","650","CV",6,17,4277,NA,0,1094,NA,"G",NA,0,0,0,1,14,13,0,24,2,2,4,21,7,0,0,1,9,0,1,1,2,1,25,8,8,2,1,0,0,1,0,0,0,7,2,7,2010,3,58,358,0,44,0,0,0,"************",0,4,2,0
"110",34,340321,1,1,1,0,13,21,8,1,55,11,33,0,0,54,54032,4,1993,"P","ACUR","LEL","4D",93,17,3170,NA,0,1146,NA,"G",NA,0,0,0,1,14,14,0,25,2,1,2,11,7,0,1,0,0,0,1,1,2,1,11,8,8,2,1,0,0,1,0,0,5,0,88,88,8888,88,88,8888,999,99,0,0,0,"************",8,0,0,0
"111",34,340389,1,1,2,0,21,30,9,22,34,11,5,0,0,34,34401,14,2001,"P","BMW","BX5","UT",1,17,4519,NA,0,1110,NA,"G",NA,0,0,0,0,0,0,0,41,2,2,4,13,7,0,20,0,0,0,1,1,2,1,2,0,1,2,1,0,0,1,0,0,5,0,30,9,2010,23,22,2322,0,48,0,0,0,"************",0,7,1,0
"112",34,340392,1,1,2,0,19,18,9,20,10,11,1,0,0,38,38401,14,2000,"P","ISU","TRO","UT",0,17,4455,NA,0,1087,NA,"G",NA,0,0,0,1,0,98,0,63,2,2,4,13,3,0,20,0,0,0,1,1,2,1,3,8,8,2,1,0,0,1,0,0,5,0,18,9,2010,23,0,2300,2,50,0,0,0,"************",0,7,2,0
"113",34,340424,1,1,1,0,35,1,9,14,46,11,24,0,0,6,6051,4,2005,"P","CHRY","3TR","4D",5,17,3675,NA,0,1200,NA,"G",NA,0,0,0,0,10,12,0,89,2,1,4,11,7,0,1,0,0,0,1,1,2,1,1,0,1,2,1,0,0,1,0,0,5,0,1,9,2010,15,34,1534,0,48,0,0,0,"************",0,7,1,0
"114",34,340438,2,1,1,0,35,10,10,19,56,11,12,7,0,34,34034,2,2011,"P","BMW","2XS","CP",11,17,3627,NA,0,1087,NA,"G",NA,0,0,0,0,1,3,0,37,2,1,1,11,3,0,20,0,0,0,1,1,2,1,8,0,1,2,1,0,0,1,0,0,5,0,88,88,8888,88,88,8888,999,99,0,0,0,"************",8,0,0,0
"115",34,340459,2,0,1,1,39,3,11,23,23,11,8,0,0,NA,NA,NA,NA,NA,NA,NA,NA,NA,NA,NA,NA,NA,NA,NA,NA,NA,NA,NA,NA,NA,NA,NA,NA,46,2,5,4,0,96,8,97,8,0,0,1,1,2,1,17,1,1,2,1,1,0,402,407,0,0,7,4,11,2010,1,40,140,2,17,37,0,0,"************",0,7,1,11
"116",34,340477,1,1,1,0,13,10,12,1,38,11,1,0,0,49,49050,3,2008,"P","TOYT","SXC","LB",8,17,2905,NA,0,1063,NA,"G",NA,0,0,0,2,0,99,0,24,2,1,4,11,7,0,2,1,9,0,1,1,2,1,10,0,1,2,1,0,0,1,0,0,0,7,10,12,2010,3,11,311,1,33,0,0,0,"************",0,7,1,0
"117",36,360018,1,0,1,1,81,22,1,5,58,1,8,0,0,NA,NA,NA,NA,NA,NA,NA,NA,NA,NA,NA,NA,NA,NA,NA,NA,NA,NA,NA,NA,NA,NA,NA,NA,25,2,5,4,0,96,8,97,8,0,0,8,9,2,1,16,8,8,2,1,0,0,1,0,0,3,0,22,1,2010,99,99,9999,999,99,0,0,0,"************",0,99,99,11
"118",36,360100,1,0,1,1,43,20,2,4,30,1,8,0,0,NA,NA,NA,NA,NA,NA,NA,NA,NA,NA,NA,NA,NA,NA,NA,NA,NA,NA,NA,NA,NA,NA,NA,NA,21,2,5,4,0,96,8,97,8,0,0,8,9,2,1,26,8,8,2,1,0,0,1,0,0,0,7,20,2,2010,4,30,430,0,0,0,0,0,"************",0,7,1,11
"119",36,360313,1,1,1,0,27,21,3,2,55,1,35,0,0,20,20022,2,2007,"P","CHEV","SSC","CP",7,17,2991,NA,0,1033,NA,"G",NA,0,0,0,1,12,13,0,23,2,1,4,11,3,0,20,0,0,0,1,9,2,1,21,8,8,2,1,0,0,1,0,0,0,7,21,3,2010,4,15,415,1,20,0,0,0,"************",0,7,1,0
"120",42,420146,2,1,1,0,75,13,3,0,5,1,12,2,0,22,22016,2,1998,"P","PONT","SFS","CP",98,17,2637,NA,0,1041,NA,"G",NA,0,0,0,0,12,12,0,26,2,1,5,11,7,0,1,0,0,1,1,1,2,1,17,0,1,2,1,0,0,1,0,0,5,0,88,88,8888,88,88,8888,999,99,0,0,0,"************",8,0,0,0
"121",42,420557,1,1,1,0,33,1,7,18,29,1,24,0,0,98,98706,80,2004,"U",NA,NA,NA,9,17,NA,NA,NA,NA,NA,NA,NA,0,0,0,0,11,11,0,36,2,1,4,11,17,0,0,8,0,0,0,5,2,1,1,0,7,2,1,0,0,606,0,0,1,0,1,7,2010,19,22,1922,0,53,0,0,0,"************",0,99,99,0
"122",42,420846,1,1,1,0,49,1,8,15,15,1,35,0,0,7,7442,20,2006,"P","DODG","CAR","SV",6,17,4252,NA,0,1193,NA,"G",NA,0,0,0,1,1,0,0,39,2,1,5,11,3,0,20,0,0,0,1,1,2,1,14,1,7,2,1,0,0,997,0,0,5,0,88,88,8888,88,88,8888,999,99,0,0,0,"************",8,0,0,0
"123",42,420041,2,1,1,0,79,10,1,2,59,11,1,0,0,20,20022,4,2005,"P","CHEV","BLS","4D",5,17,3216,NA,0,1033,NA,"G",NA,0,0,0,2,0,18,1,21,2,1,4,11,7,0,99,1,9,0,9,9,2,1,17,9,8,0,0,0,0,0,0,0,0,7,10,1,2010,4,27,427,1,28,0,0,0,"************",0,99,99,0
"124",42,420215,1,0,1,1,79,8,4,2,10,11,8,0,0,NA,NA,NA,NA,NA,NA,NA,NA,NA,NA,NA,NA,NA,NA,NA,NA,NA,NA,NA,NA,NA,NA,NA,NA,27,2,5,4,0,96,8,97,8,0,0,1,5,2,1,24,0,7,2,1,0,0,1,0,0,0,7,8,4,2010,3,10,310,1,0,0,0,0,"************",0,99,99,11
"125",42,420222,1,1,2,0,101,18,4,6,27,11,25,0,0,19,19421,15,2005,"P","CADI","ESC","UT",5,17,5571,NA,0,1160,NA,"G",NA,0,0,0,1,10,1,0,24,2,2,4,13,7,0,8,1,2,0,8,9,2,1,7,8,8,2,2,0,0,996,0,0,0,7,18,4,2010,6,57,657,0,30,0,0,0,"************",0,99,99,0
"126",42,420346,1,1,3,0,81,11,5,3,12,11,24,0,0,12,12016,4,2003,"P","FORD","CVP","4D",3,17,3946,NA,0,1147,NA,"G",NA,0,0,0,0,11,11,1,23,2,2,4,99,7,0,0,0,0,1,8,9,2,1,10,8,8,2,1,0,0,603,0,0,0,7,11,5,2010,4,27,427,1,15,0,0,0,"************",0,99,99,0
"127",42,420642,1,1,1,0,19,23,8,1,0,11,59,0,0,55,55035,5,2003,"P","HYUN","EST","4H",3,17,2635,NA,0,1027,NA,"G",NA,0,0,0,1,11,0,0,38,2,1,4,11,3,0,2,2,1,1,1,1,2,1,17,0,7,2,1,0,0,1,0,0,1,0,23,8,2010,3,39,339,2,39,0,0,0,"************",0,99,99,0
"128",44,440046,3,2,2,0,3,17,8,1,54,11,12,6,0,12,12037,4,2010,"P","FORD","FSE","4D",10,17,2623,NA,0,1029,NA,"G",NA,0,0,0,1,12,11,0,17,2,2,4,23,7,0,8,1,9,0,8,9,2,1,8,8,8,2,1,0,0,1,0,0,5,0,17,8,2010,2,26,226,0,32,0,0,0,"************",0,4,2,0
"129",2,20002,1,0,1,1,290,23,1,19,34,1,8,0,0,NA,NA,NA,NA,NA,NA,NA,NA,NA,NA,NA,NA,NA,NA,NA,NA,NA,NA,NA,NA,NA,NA,NA,NA,21,1,5,4,0,96,8,97,8,0,0,1,1,2,1,37,0,7,2,1,0,0,1,0,0,0,7,23,1,2010,20,15,2015,0,41,0,0,0,"************",0,7,3,11
"130",2,20010,1,1,1,0,240,28,4,19,25,1,35,0,0,20,20036,2,2000,"P","CHEV","MLS","CP",0,17,3340,NA,0,1075,NA,"G",NA,0,0,0,1,6,6,0,39,1,1,4,11,7,0,20,1,2,0,1,1,2,1,28,0,1,2,1,0,0,1,0,0,0,7,28,4,2010,20,27,2027,1,2,0,0,0,"************",0,7,3,0
"131",2,20020,1,1,1,0,90,27,6,23,15,1,1,0,0,72,72706,80,2007,"M","HD","FLU","RS",7,17,NA,NA,NA,NA,NA,NA,1584,0,0,0,0,0,9,0,54,1,1,4,11,17,0,0,8,0,0,1,1,2,1,9,1,1,2,1,0,0,695,0,0,5,0,28,6,2010,19,50,1950,20,35,0,0,0,"************",0,7,1,0
"132",2,20031,1,1,1,0,170,2,9,19,34,1,1,0,0,72,72706,80,2005,"M","HD","FHC","RS",5,17,NA,NA,NA,NA,NA,NA,1450,0,0,0,0,0,0,0,57,1,1,4,11,17,0,0,8,0,0,1,1,2,1,22,1,1,2,1,1,0,606,189,0,0,7,2,9,2010,19,55,1955,0,21,0,0,0,"************",0,7,1,0
"133",2,20042,2,1,1,0,90,26,10,20,56,1,12,6,0,7,7482,31,1998,"T","DODG","Q25","4C",98,17,NA,2,1547,1387,"RPC","D",NA,0,0,0,0,12,12,0,60,1,1,0,11,3,0,20,0,0,0,1,2,2,1,12,0,8,2,1,0,0,606,0,0,0,0,88,88,8888,88,88,8888,999,99,0,0,0,"************",8,0,0,0
"134",2,20051,2,1,1,0,20,17,12,17,2,1,12,2,0,49,49472,30,2011,"T","TOYT","DCL","CW",11,17,NA,1,0,1278,"TAC","G",NA,0,0,0,0,12,12,0,28,1,1,3,11,3,0,8,0,0,0,1,1,2,1,23,0,1,2,1,0,0,1,0,0,5,0,88,88,8888,88,88,8888,999,99,0,0,0,"************",8,0,0,0
"135",4,40015,1,1,1,0,5,19,1,6,32,1,1,0,0,12,12481,31,2004,"T","FORD","F2S","4C",4,17,NA,2,1580,1418,"SRW","D",NA,0,0,0,1,0,0,0,53,1,1,4,11,3,0,20,0,0,1,9,9,2,1,17,9,8,2,1,0,0,1,0,0,0,7,19,1,2010,99,99,9999,999,99,0,0,0,"************",0,99,99,0
"136",4,40015,1,1,2,0,5,19,1,6,32,1,1,0,0,12,12481,31,2004,"T","FORD","F2S","4C",4,17,NA,2,1580,1418,"SRW","D",NA,0,0,0,1,0,0,0,61,1,2,4,13,7,0,20,0,0,1,8,9,2,1,33,8,8,2,1,0,0,996,0,0,0,7,19,1,2010,99,99,9999,999,99,0,0,0,"************",0,99,99,0
"137",4,40077,1,1,1,0,3,21,2,15,37,1,32,0,0,72,72706,80,1997,"M","HD","FDL","RS",97,17,NA,NA,NA,NA,NA,NA,1340,0,0,0,0,12,12,0,52,1,1,4,11,17,0,0,8,0,0,9,9,2,1,29,9,8,0,0,0,0,0,0,0,0,7,21,2,2010,15,58,1558,0,21,0,0,0,"************",0,99,99,0
"138",4,40174,2,1,1,0,19,4,4,2,53,1,12,7,0,12,12481,31,1997,"T","FORD","F15","3C",97,17,NA,1,1570,1390,"COF","G",NA,0,0,0,1,2,99,0,22,1,1,4,11,7,0,20,1,9,0,9,9,2,1,29,9,8,2,1,0,0,1,0,0,0,7,7,4,2010,11,34,1134,80,41,0,0,0,"************",0,1,1,0
"139",4,40216,1,1,1,0,13,10,4,3,54,1,1,0,0,12,12401,14,1998,"P","FORD","EPR","UT",98,17,4146,NA,0,1115,NA,"G",NA,0,0,0,1,0,0,0,23,1,1,4,11,7,0,20,1,9,0,9,9,2,1,22,9,8,2,1,0,0,1,0,0,1,0,10,4,2010,5,30,530,1,36,0,0,0,"************",0,99,99,0
"140",4,40242,2,1,1,0,13,6,5,12,10,1,12,1,0,76,76706,80,2006,"M","YAMA","YFR","RS",6,17,NA,NA,NA,NA,NA,NA,998,0,0,0,0,12,12,0,28,1,1,4,11,17,0,0,8,0,0,9,9,2,1,21,9,8,2,1,0,0,348,0,0,1,0,8,5,2010,13,59,1359,49,49,0,0,0,"************",0,99,99,0
"141",4,40243,4,1,1,0,5,6,5,22,49,1,12,8,0,20,20481,31,2000,"T","CHEV","SK1","PC",0,17,NA,2,1575,1435,"SIL","G",NA,0,0,0,0,1,12,0,51,1,1,4,11,3,0,1,0,0,1,1,8,2,1,22,0,8,2,1,1,0,402,996,0,0,7,6,5,2010,23,51,2351,1,2,0,0,0,"************",0,99,99,0
"142",4,40250,1,1,1,0,5,8,5,8,35,1,1,0,0,12,12481,31,1999,"T","FORD","F15","PK",99,17,NA,1,1385,1199,"COF","G",NA,0,0,0,1,0,0,0,20,1,1,4,11,7,0,20,1,1,0,8,9,2,1,4,8,8,2,1,1,0,996,996,0,3,0,8,5,2010,9,47,947,1,12,0,0,0,"************",0,99,99,0
"143",4,40320,1,1,1,0,25,10,6,12,48,1,1,0,0,72,72706,80,2004,"M","HD","20C","RS",4,17,NA,NA,NA,NA,NA,NA,1200,0,0,0,0,0,0,0,51,1,1,4,11,17,0,0,8,0,0,9,9,2,1,5,9,8,2,1,1,1,155,996,996,5,0,10,6,2010,14,32,1432,1,44,0,0,0,"************",0,99,99,0
"144",4,40333,1,1,1,0,25,22,6,10,49,1,35,0,0,20,20036,2,2000,"P","CHEV","MLS","CP",0,17,3340,NA,0,1075,NA,"G",NA,0,0,0,1,99,0,0,20,1,1,4,11,7,0,20,1,2,0,9,9,2,1,24,9,8,2,1,1,1,606,695,996,0,7,22,6,2010,11,21,1121,0,32,0,0,0,"************",0,99,99,0
"145",4,40334,1,1,1,0,12,24,6,2,40,1,1,0,0,34,34034,4,1994,"P","BMW","25I","4D",94,17,3164,NA,0,1063,NA,"G",NA,0,0,0,1,0,0,0,26,1,1,3,11,3,0,20,0,0,0,1,9,2,1,4,0,8,0,0,0,0,0,0,0,5,0,88,88,8888,88,88,8888,999,99,0,0,0,"************",8,0,0,0
"146",4,40395,1,1,1,0,3,1,7,1,32,1,35,0,0,12,12481,31,1987,"T","FORD","F25","PS",87,17,NA,2,0,1550,"COF","D",NA,0,0,0,1,99,99,0,37,1,1,4,11,7,0,0,0,0,0,1,5,2,1,23,0,8,0,0,0,0,0,0,0,0,7,1,7,2010,2,6,206,0,34,0,0,0,"************",0,99,99,0
"147",4,40442,1,1,1,0,15,29,8,20,4,1,25,0,0,72,72706,80,2006,"M","HD","FLU","RS",6,17,NA,NA,NA,NA,NA,NA,1450,0,0,0,0,99,99,0,51,1,1,4,11,17,0,0,8,0,0,1,8,2,1,11,0,8,0,0,0,0,0,0,0,0,7,29,8,2010,20,4,2004,0,0,0,0,0,"************",0,99,99,0
"148",4,40474,2,1,1,0,15,13,9,20,7,1,25,0,0,12,12481,31,2003,"T","FORD","F15","4C",3,17,NA,2,1574,1388,"COF","G",NA,0,0,0,1,99,98,1,70,1,1,4,11,3,0,1,0,0,1,1,9,2,1,12,0,8,0,0,0,0,0,0,0,0,7,13,9,2010,20,37,2037,0,30,0,0,0,"************",0,99,99,0
"149",4,40632,1,1,1,0,17,11,12,3,33,1,1,0,0,7,7043,4,2004,"P","DODG","SSE","4D",4,17,3088,NA,0,1080,NA,"G",NA,0,0,0,1,0,99,0,21,1,1,2,11,3,0,20,0,0,0,1,3,2,1,16,1,7,2,1,1,0,606,695,0,5,0,88,88,8888,88,88,8888,999,99,0,0,0,"************",8,0,0,0
"150",4,40059,2,1,1,0,13,5,2,2,43,11,12,1,0,12,12017,4,1995,"P","FORD","SHO","4D",95,17,3377,NA,0,1060,NA,"G",NA,0,0,0,0,12,12,0,44,1,1,4,11,3,0,1,0,0,1,9,9,2,1,24,9,8,2,1,0,0,1,0,0,0,7,5,2,2010,99,99,9999,999,99,0,0,0,"************",0,99,99,0
"151",4,40109,1,1,1,0,13,9,3,1,16,11,1,0,0,53,53705,80,2003,"M","SUZI","G60","RS",3,17,NA,NA,NA,NA,NA,NA,599,0,0,0,0,0,99,0,39,1,1,4,11,5,0,0,8,0,0,8,9,2,1,24,8,8,2,1,0,0,1,0,0,0,7,9,3,2010,1,48,148,0,32,0,0,0,"************",0,99,99,0
"152",4,40110,1,1,1,0,13,9,3,4,3,11,24,0,0,20,20471,30,2003,"T","CHEV","S14","3C",3,17,NA,1,0,1229,"S","G",NA,0,0,0,1,99,0,0,21,1,1,4,11,3,0,20,0,0,1,1,8,2,1,16,0,8,2,1,0,0,1,0,0,0,7,9,3,2010,4,38,438,0,35,0,0,0,"************",0,99,99,0
"153",4,40207,3,1,1,0,19,25,4,0,54,11,12,1,0,49,49043,4,2007,"P","TOYT","UTS","4D",7,17,3495,NA,0,1071,NA,"G",NA,0,0,0,0,12,12,0,61,1,1,4,11,7,0,1,0,0,1,9,9,2,1,15,9,8,2,1,0,0,1,0,0,1,0,25,4,2010,1,33,133,0,39,0,0,0,"************",0,99,99,0
"154",4,40254,1,1,1,0,13,9,5,1,15,11,59,0,0,72,72706,80,2005,"M","HD","TCI","RS",5,17,NA,NA,NA,NA,NA,NA,1450,0,0,0,0,12,12,0,64,1,1,4,11,17,0,0,8,0,0,9,9,2,1,18,9,8,2,1,1,2,352,351,155,0,7,9,5,2010,1,25,125,0,10,0,0,0,"************",0,99,99,0
"155",4,40257,1,1,1,0,17,10,5,3,8,11,1,0,0,12,12481,31,1996,"T","FORD","F35","CW",96,17,NA,2,0,1680,"COF","D",NA,0,0,0,1,0,0,0,22,1,1,4,11,7,0,20,2,2,0,1,5,2,1,31,0,8,2,1,0,0,1,0,0,0,7,10,5,2010,3,25,325,0,17,0,0,0,"************",0,99,99,0
"156",4,40268,2,1,1,0,19,22,5,0,18,11,12,1,0,98,98709,82,1996,"U",NA,NA,NA,9,17,NA,NA,NA,NA,NA,NA,NA,0,0,0,0,12,1,0,42,1,1,4,11,17,0,0,8,0,0,1,9,2,1,30,0,8,0,0,0,0,0,0,0,5,0,25,5,2010,16,25,1625,88,7,0,0,0,"************",0,99,99,0
"157",4,40268,2,2,1,0,19,22,5,0,18,11,12,1,0,72,72706,80,2004,"M","HD","LRI","RS",4,17,NA,NA,NA,NA,NA,NA,1450,0,0,0,0,6,6,0,42,1,1,3,11,17,0,0,8,0,0,1,3,2,1,13,0,2,0,0,0,0,0,0,0,5,0,88,88,8888,88,88,8888,999,99,0,0,0,"************",8,0,0,0
"158",4,40389,2,1,1,0,13,31,7,5,57,11,12,1,0,20,20421,15,2000,"P","CHEV","CTA","UT",0,17,4419,NA,0,1160,NA,"G",NA,0,0,0,0,12,12,0,26,1,1,0,11,3,0,99,0,0,0,1,9,2,1,5,0,8,0,0,0,0,0,0,0,0,0,88,88,8888,88,88,8888,999,99,0,0,0,"************",8,0,0,0
"159",4,40413,1,0,1,1,5,4,8,21,1,11,8,0,0,NA,NA,NA,NA,NA,NA,NA,NA,NA,NA,NA,NA,NA,NA,NA,NA,NA,NA,NA,NA,NA,NA,NA,NA,33,1,5,4,0,96,8,97,8,0,0,9,9,2,1,33,9,8,2,1,0,0,1,0,0,0,7,4,8,2010,21,13,2113,0,12,0,0,0,"************",0,99,99,11
"160",4,40483,2,1,1,0,13,25,9,4,46,11,12,2,0,20,20482,31,2007,"P","CHEV","AVL","UT",7,17,5539,NA,0,1300,NA,"F",NA,0,0,0,0,12,12,0,25,1,1,3,11,3,0,1,0,0,1,1,9,2,1,20,1,8,2,1,0,0,402,0,0,3,0,88,88,8888,88,88,8888,999,99,0,0,0,"************",8,0,0,0
"161",4,40527,1,0,1,1,19,5,9,21,41,11,8,0,0,NA,NA,NA,NA,NA,NA,NA,NA,NA,NA,NA,NA,NA,NA,NA,NA,NA,NA,NA,NA,NA,NA,NA,NA,13,1,5,4,0,96,8,97,8,0,0,1,9,2,1,17,1,8,2,1,0,0,695,0,0,5,0,5,9,2010,22,8,2208,0,27,0,0,0,"************",0,99,99,11
"162",4,40633,1,1,1,0,19,11,12,4,32,11,38,0,0,49,49472,30,2006,"T","TOYT","ACP","PC",6,17,NA,1,0,1219,"TAC","G",NA,0,0,0,1,99,99,0,23,1,1,4,11,3,0,20,2,9,0,9,9,2,1,17,9,8,2,1,0,0,996,0,0,0,7,11,12,2010,99,99,9999,999,99,0,0,0,"************",0,99,99,0
"163",4,40648,3,2,1,0,19,28,12,12,29,11,33,0,0,37,37031,2,2000,"P","HOND","UAX","CP",0,17,2560,NA,0,1032,NA,"G",NA,0,0,0,0,14,99,0,22,1,1,4,11,2,0,1,0,0,1,9,9,2,1,17,9,8,0,0,0,0,0,0,0,0,7,28,12,2010,12,44,1244,0,15,0,0,0,"************",0,99,99,0
"164",4,40667,1,0,1,1,19,15,12,99,99,11,8,0,0,NA,NA,NA,NA,NA,NA,NA,NA,NA,NA,NA,NA,NA,NA,NA,NA,NA,NA,NA,NA,NA,NA,NA,NA,15,1,5,4,0,96,8,97,8,0,0,1,9,2,1,13,1,8,2,1,1,0,606,695,0,0,7,15,12,2010,23,44,2344,999,99,0,0,0,"************",0,99,99,11
"165",6,60193,1,1,1,0,65,14,2,14,0,1,33,0,0,72,72706,80,2005,"M","HD","ILF","RS",5,17,NA,NA,NA,NA,NA,NA,1450,0,0,0,0,14,61,0,47,1,1,4,11,5,0,0,8,0,0,1,9,2,1,3,8,8,2,1,0,0,1,0,0,1,0,14,2,2010,15,4,1504,1,4,0,0,0,"************",0,1,1,0
"166",6,60345,2,1,1,0,37,19,3,1,34,1,12,1,0,39,39034,4,2000,"P","JAGU","STP","4D",0,17,3770,NA,0,1145,NA,"G",NA,0,0,0,0,12,12,0,25,1,1,3,11,3,0,9,0,0,1,1,3,2,1,10,8,8,0,0,0,0,0,0,0,5,0,88,88,8888,88,88,8888,999,99,0,0,0,"************",8,0,0,0
"167",6,60418,1,1,1,0,37,31,1,2,29,1,8,0,0,63,63441,20,2007,"P","KIA","SED","SV",7,17,4387,NA,0,1189,NA,"G",NA,0,0,0,0,12,12,0,63,1,1,0,11,3,0,20,0,0,0,1,5,2,1,8,8,8,0,0,0,0,0,0,0,0,0,88,88,8888,88,88,8888,999,99,0,0,0,"************",8,0,0,0
"168",6,60420,2,1,1,0,73,4,4,23,59,1,12,7,0,20,20009,2,1993,"P","CHEV","Z28","CP",93,17,3373,NA,0,1010,NA,"G",NA,0,0,0,0,62,62,0,43,1,1,2,11,3,0,1,0,0,0,1,5,2,1,10,8,8,0,0,0,0,0,0,0,5,0,88,88,8888,88,88,8888,999,99,0,0,0,"************",8,0,0,0
"169",6,60424,1,0,1,1,71,9,4,23,30,1,8,0,0,NA,NA,NA,NA,NA,NA,NA,NA,NA,NA,NA,NA,NA,NA,NA,NA,NA,NA,NA,NA,NA,NA,NA,NA,18,1,5,4,0,96,8,97,8,0,0,1,9,2,1,22,8,8,2,1,0,0,695,0,0,5,0,10,4,2010,0,26,26,0,56,0,0,0,"************",0,1,2,11
"170",6,60568,1,1,2,0,71,20,3,5,28,1,1,0,0,20,20403,14,2003,"P","CHEV","TRL","UT",3,17,4836,NA,0,1290,NA,"G",NA,0,0,0,1,0,0,0,25,1,2,4,13,3,0,20,0,0,0,8,9,2,1,9,8,8,2,1,0,0,1,0,0,0,7,20,3,2010,5,28,528,0,0,5,0,0,"************",0,1,1,0
"171",6,60595,1,1,1,0,1,28,3,3,50,1,20,0,0,12,12481,31,1994,"T","FORD","F25","PS",94,17,NA,2,0,1550,"COF","G",NA,0,0,0,0,12,12,0,27,1,1,4,11,3,0,20,0,0,0,1,8,2,1,21,8,8,2,1,0,0,1,0,0,0,7,28,3,2010,3,50,350,0,0,0,0,0,"************",0,7,2,0
"172",6,60622,1,0,1,1,71,13,4,99,99,1,8,0,0,NA,NA,NA,NA,NA,NA,NA,NA,NA,NA,NA,NA,NA,NA,NA,NA,NA,NA,NA,NA,NA,NA,NA,NA,21,1,5,4,0,96,8,97,8,0,0,1,8,2,1,13,8,8,2,1,0,0,1,0,0,0,7,13,4,2010,99,99,9999,999,99,0,0,0,"************",0,1,1,11
"173",6,60839,1,1,1,0,73,29,5,99,99,1,1,0,0,63,63401,14,1996,"P","KIA","SPO","UT",96,17,3303,NA,0,1043,NA,"G",NA,0,0,0,2,0,0,0,39,1,1,4,11,3,0,20,0,0,0,1,8,2,1,14,8,8,2,1,0,0,417,0,0,0,7,29,5,2010,99,99,9999,999,99,0,0,0,"************",0,1,1,0
"174",6,60850,1,0,1,1,73,18,4,4,15,1,8,0,0,NA,NA,NA,NA,NA,NA,NA,NA,NA,NA,NA,NA,NA,NA,NA,NA,NA,NA,NA,NA,NA,NA,NA,NA,29,1,5,4,0,96,8,97,8,0,0,9,9,2,1,23,9,8,2,1,0,0,1,0,0,0,7,18,4,2010,4,15,415,0,0,0,0,0,"************",0,1,1,11
"175",6,60908,2,1,1,0,1,11,5,9,35,1,12,1,0,12,12473,30,2001,"P","FORD","EPR","UT",1,17,4332,NA,0,1259,NA,"G",NA,0,0,0,1,12,0,0,53,1,1,0,11,3,0,1,0,0,0,1,3,2,1,20,8,8,2,1,0,0,1,0,0,0,0,88,88,8888,88,88,8888,999,99,0,0,0,"************",8,0,0,0
"176",6,61026,1,1,1,0,61,10,7,22,30,1,33,0,0,72,72706,80,1994,"M","HD","FWG","RS",94,17,NA,NA,NA,NA,NA,NA,1340,0,0,0,0,14,12,0,53,1,1,4,11,5,0,0,8,0,0,1,1,2,1,16,8,8,2,1,0,0,1,0,0,0,7,10,7,2010,22,30,2230,0,0,0,0,0,"************",0,7,1,0
"177",6,61103,1,1,1,0,99,30,6,19,20,1,1,0,0,23,23481,31,1997,"T","GMC","SK1","PC",97,17,NA,2,1555,1415,"SIE","G",NA,0,0,0,1,0,0,0,25,1,9,3,99,7,0,1,1,9,0,8,9,2,1,20,8,8,0,0,0,0,0,0,0,5,0,88,88,8888,88,88,8888,999,99,0,0,0,"************",8,0,0,0
"178",6,61113,1,1,1,0,37,19,6,2,17,1,24,0,0,12,12037,3,2003,"P","FORD","FZX","3P",3,17,2551,NA,0,1030,NA,"G",NA,0,0,0,0,12,9,0,30,1,1,4,11,7,0,20,1,9,0,9,9,2,1,18,9,8,2,1,0,0,1,0,0,0,7,19,6,2010,2,17,217,0,0,0,0,0,"************",0,1,1,0
"179",6,61196,4,1,1,0,113,3,8,22,12,1,24,0,0,12,12017,4,1994,"P","FORD","TAG","4D",94,17,3104,NA,0,1060,NA,"G",NA,0,0,0,0,3,6,0,50,1,1,2,11,3,0,1,0,0,0,1,3,2,1,3,1,7,2,1,2,0,304,417,0,1,0,88,88,8888,88,88,8888,999,99,0,0,0,"************",8,0,0,0
"180",6,61241,1,1,1,0,95,25,7,2,20,1,24,0,0,37,37705,80,1984,"M","HOND","B70","RS",84,17,NA,NA,NA,NA,NA,NA,700,0,0,0,0,11,11,0,50,1,1,4,11,5,0,0,8,0,0,1,9,2,1,25,8,8,2,1,0,0,1,0,0,0,7,25,7,2010,2,20,220,0,0,0,0,0,"************",0,7,2,0
"181",6,61421,1,1,1,0,103,3,9,2,13,1,1,0,0,49,49471,30,1992,"T","TOYT","SWD","PK",92,17,NA,1,0,1030,"HTP","G",NA,0,0,0,2,0,0,0,24,1,1,4,11,7,0,0,1,9,0,9,9,2,1,21,9,8,2,1,0,0,1,0,0,0,7,3,9,2010,2,13,213,0,0,0,0,0,"************",0,7,1,0
"182",6,61460,1,1,1,0,89,28,8,9,53,1,42,0,0,7,7482,31,2004,"T","DODG","S1T","PK",4,17,NA,2,1405,1205,"RPC","G",NA,0,0,0,0,9,9,0,48,1,1,4,11,3,0,20,0,0,0,9,9,2,1,27,8,8,0,0,0,0,0,0,0,0,7,28,8,2010,9,53,953,0,0,0,0,0,"************",0,7,1,0
"183",6,61653,2,1,1,0,99,2,7,0,32,1,24,0,0,20,20020,4,1996,"P","CHEV","LUM","4D",96,17,3330,NA,0,1075,NA,"G",NA,0,0,0,2,12,98,0,64,1,1,4,11,7,0,1,0,0,0,1,9,2,1,24,8,8,2,2,0,0,1,0,0,0,7,2,7,2010,0,32,32,0,0,0,0,0,"************",0,7,1,0
"184",6,61840,2,1,1,0,29,2,10,6,20,1,12,1,0,12,12037,4,2007,"P","FORD","FMS","4D",7,17,2636,NA,0,1029,NA,"G",NA,0,0,0,0,12,12,0,33,1,1,4,11,3,0,1,0,0,0,9,9,2,1,8,9,8,2,1,0,0,1,0,0,0,7,2,10,2010,6,20,620,0,0,0,0,0,"************",0,7,1,0
"185",6,62091,1,1,1,0,29,10,10,3,3,1,1,0,0,12,12422,15,1998,"P","FORD","EPT","UT",98,17,5177,NA,0,1190,NA,"G",NA,0,0,0,2,0,98,0,42,1,1,4,11,7,0,20,1,9,0,0,9,2,1,11,8,8,2,1,0,0,1,0,0,0,7,10,10,2010,3,3,303,0,0,0,0,0,"************",0,7,1,0
"186",6,62387,1,1,1,0,65,17,11,6,25,1,1,0,0,49,49038,2,1999,"P","TOYT","PTE","2D",99,17,0,NA,0,937,NA,"G",NA,0,0,0,1,0,0,0,33,1,1,4,11,7,0,1,1,9,0,1,5,2,1,10,8,8,2,1,0,0,1,0,0,0,7,17,11,2010,6,25,625,0,0,0,0,0,"************",0,1,1,0
"187",6,62425,2,1,1,0,71,14,12,21,53,1,12,2,0,35,35032,2,1995,"P","NISS","2SE","CP",95,17,2381,NA,0,998,NA,"G",NA,0,0,0,1,12,12,0,42,1,1,4,11,7,0,98,1,9,0,1,8,2,1,26,8,8,2,1,0,0,1,0,0,0,7,14,12,2010,21,53,2153,0,0,0,0,0,"************",0,1,1,0
"188",6,62429,1,1,1,0,71,19,11,1,47,1,35,0,0,12,12471,30,1996,"T","FORD","RNG","PK",96,17,NA,1,1140,1080,"RNG","G",NA,0,0,0,1,99,99,0,23,1,1,4,11,7,0,1,1,9,0,1,8,2,1,18,8,8,2,1,0,0,1,0,0,0,7,19,11,2010,1,47,147,0,0,0,0,0,"************",0,1,1,0
"189",6,62477,1,1,3,0,31,13,12,6,25,1,18,0,0,20,20441,20,1992,"P","CHEV","AST","SV",92,17,3554,NA,0,1110,NA,"G",NA,0,0,0,1,12,12,0,32,1,2,4,99,7,0,0,1,9,0,8,9,2,1,8,8,8,2,1,0,0,417,0,0,0,7,13,12,2010,6,25,625,0,0,0,0,0,"************",0,1,1,0
"190",6,60034,1,1,1,0,13,9,1,2,30,11,1,0,0,76,76706,80,2005,"M","YAMA","FR1","RS",5,17,NA,NA,NA,NA,NA,NA,998,0,0,0,0,0,12,0,25,1,1,4,11,16,0,0,8,0,0,1,9,2,1,14,8,8,2,1,0,0,1,0,0,0,7,9,1,2010,2,30,230,0,0,0,0,0,"************",0,1,1,0
"191",6,60048,2,2,2,0,37,3,1,4,25,11,12,1,0,34,34035,4,2006,"P","BMW","525","4D",6,17,3428,NA,0,1137,NA,"G",NA,0,0,0,0,12,12,0,20,1,2,4,13,3,0,9,0,0,0,8,9,2,1,10,8,8,2,1,1,0,605,606,0,0,7,3,1,2010,4,25,425,0,0,0,0,0,"************",0,1,1,0
"192",6,60114,1,1,1,0,61,24,1,0,10,11,42,0,0,20,20401,14,2000,"P","CHEV","BZR","UT",0,17,4049,NA,0,1070,NA,"G",NA,0,0,0,0,9,9,1,20,1,1,4,11,99,0,99,0,0,0,1,8,2,1,9,1,7,2,1,0,0,603,0,0,0,7,24,1,2010,0,10,10,0,0,0,0,0,"************",0,1,1,0
"193",6,60177,1,1,1,0,75,31,1,4,15,11,20,0,0,50,50705,80,2006,"M","TRIU","DA5","RS",6,17,NA,NA,NA,NA,NA,NA,675,0,0,0,0,12,12,0,32,1,1,4,11,16,0,0,8,0,0,9,9,2,1,24,9,8,2,1,0,0,695,0,0,5,0,31,1,2010,7,7,707,2,52,0,0,0,"************",0,1,1,0
"194",6,60183,1,0,1,1,89,8,2,4,12,11,8,0,0,NA,NA,NA,NA,NA,NA,NA,NA,NA,NA,NA,NA,NA,NA,NA,NA,NA,NA,NA,NA,NA,NA,NA,NA,19,1,5,4,0,96,8,97,8,0,0,9,9,2,1,13,9,8,2,1,0,0,1,0,0,0,7,8,2,2010,4,12,412,0,0,0,0,0,"************",9,99,99,11
"195",6,60218,2,1,1,0,1,10,2,23,40,11,12,2,0,20,20002,4,2010,"P","CHEV","IMT","4D",10,17,3555,NA,0,1105,NA,"G",NA,0,0,0,0,12,12,0,32,1,1,4,11,3,0,1,0,0,0,1,9,2,1,23,8,8,2,1,0,0,1,0,0,0,7,10,2,2010,23,40,2340,0,0,0,0,0,"************",0,1,1,0
"196",6,60220,1,1,1,0,85,30,1,1,50,11,35,0,0,12,12481,31,2001,"T","FORD","F15","4C",1,17,NA,2,1571,1385,"COF","G",NA,0,0,0,1,12,12,0,29,1,1,1,11,3,0,20,0,0,0,1,9,2,1,10,8,8,2,1,0,0,1,0,0,0,0,88,88,8888,88,88,8888,999,99,0,0,0,"************",8,0,0,0
"197",6,60220,1,1,2,0,85,30,1,1,50,11,35,0,0,12,12481,31,2001,"T","FORD","F15","4C",1,17,NA,2,1571,1385,"COF","G",NA,0,0,0,1,12,12,0,25,1,2,4,13,7,0,1,2,2,0,8,9,2,1,13,8,8,2,1,0,0,1,0,0,5,0,30,1,2010,5,10,510,3,20,0,0,0,"************",0,7,1,0
"198",6,60244,2,1,1,0,59,22,2,10,35,11,39,0,0,19,19020,6,2005,"P","CADI","SRX","UT",5,17,4302,NA,0,1164,NA,"G",NA,0,0,0,1,61,61,0,21,1,1,4,11,7,0,20,1,9,0,1,8,2,1,28,8,8,2,1,0,0,606,0,0,0,7,22,2,2010,10,35,1035,0,0,0,0,0,"************",0,7,1,0
"199",6,60249,1,0,1,1,75,27,2,2,30,11,8,0,0,NA,NA,NA,NA,NA,NA,NA,NA,NA,NA,NA,NA,NA,NA,NA,NA,NA,NA,NA,NA,NA,NA,NA,NA,40,1,5,4,0,96,8,97,8,0,0,9,9,2,1,16,9,8,2,1,0,0,417,0,0,5,0,28,2,2010,15,30,1530,37,0,0,0,0,"************",0,7,2,13
"200",6,60249,1,1,1,0,75,27,2,2,30,11,8,0,0,41,41051,4,2006,"P","MAZD","M3I","4D",6,17,2696,NA,0,1039,NA,"G",NA,0,0,0,0,12,12,0,22,1,1,0,11,3,0,20,0,0,0,1,3,2,1,13,8,8,0,0,0,0,0,0,0,0,0,88,88,8888,88,88,8888,999,99,0,0,0,"************",8,0,0,0
"201",6,60322,1,1,1,0,65,20,2,1,28,11,34,0,0,85,85881,66,2007,"T","KW","T80","DS",7,17,NA,8,2600,1600,"CON","D",NA,1,0,0,1,12,12,0,45,1,1,4,11,3,0,0,0,0,0,8,9,2,1,19,8,8,2,1,0,0,1,0,0,5,0,20,2,2010,1,53,153,0,25,0,0,0,"************",9,99,99,0
"202",6,60333,1,0,1,1,37,11,3,21,26,11,8,0,0,NA,NA,NA,NA,NA,NA,NA,NA,NA,NA,NA,NA,NA,NA,NA,NA,NA,NA,NA,NA,NA,NA,NA,NA,27,1,5,4,0,96,8,97,8,0,0,1,9,2,1,24,8,8,2,1,0,0,1,0,0,0,7,11,3,2010,21,26,2126,0,0,0,0,0,"************",0,1,1,11
"203",6,60358,1,0,1,1,73,14,3,21,32,11,8,0,0,NA,NA,NA,NA,NA,NA,NA,NA,NA,NA,NA,NA,NA,NA,NA,NA,NA,NA,NA,NA,NA,NA,NA,NA,52,1,5,4,0,96,8,97,8,0,0,1,9,2,1,25,8,8,2,1,0,0,1,0,0,0,7,14,3,2010,21,32,2132,0,0,0,0,0,"************",0,7,2,11
"204",6,60391,1,1,1,0,73,1,1,3,11,11,14,0,0,20,20421,15,2006,"P","CHEV","CTA","UT",6,17,4978,NA,0,1160,NA,"G",NA,0,0,0,0,12,12,0,40,1,1,1,11,3,0,9,0,0,0,1,5,2,1,15,8,8,2,1,0,0,1,0,0,5,0,88,88,8888,88,88,8888,999,99,0,0,0,"************",8,0,0,0
"205",6,60422,2,1,1,0,65,9,4,17,25,11,12,6,0,37,37031,2,1998,"P","HOND","UCD","CP",98,17,2274,NA,0,1032,NA,"G",NA,0,0,0,1,82,98,0,36,1,1,4,11,7,0,1,1,9,0,9,9,2,1,23,9,8,2,1,0,0,1,0,0,0,7,9,4,2010,17,25,1725,0,0,0,0,0,"************",0,1,1,0
"206",6,60508,1,1,1,0,73,6,4,1,23,11,23,0,0,53,53705,80,2009,"M","SUZI","SX7","RC",9,17,NA,NA,NA,NA,NA,NA,750,0,0,0,0,12,12,0,31,1,1,4,11,5,0,0,8,0,0,1,9,2,1,30,9,8,2,1,0,0,1,0,0,0,7,6,4,2010,1,23,123,0,0,0,0,0,"************",0,7,1,0
"207",6,60516,2,1,1,0,71,21,2,4,20,11,12,1,0,58,58499,14,2004,"P","INFI","IFX","UT",4,17,4056,NA,0,1122,NA,"G",NA,0,0,0,0,12,3,0,21,1,1,2,11,3,0,1,0,0,0,1,5,2,1,16,8,8,0,0,0,0,0,0,0,5,0,88,88,8888,88,88,8888,999,99,0,0,0,"************",8,0,0,0
"208",6,60516,2,1,2,0,71,21,2,4,20,11,12,1,0,58,58499,14,2004,"P","INFI","IFX","UT",4,17,4056,NA,0,1122,NA,"G",NA,0,0,0,0,12,3,0,21,1,2,4,13,7,0,1,0,0,0,1,8,2,1,12,8,8,2,1,0,0,1,0,0,0,7,21,2,2010,4,20,420,0,0,0,0,0,"************",0,1,1,0
"209",6,60577,1,1,2,0,37,23,3,23,25,11,58,0,0,35,35402,14,2003,"P","NISS","XTR","UT",3,17,3638,NA,0,1043,NA,"G",NA,0,0,0,1,12,12,0,19,1,2,4,13,7,0,1,1,9,0,8,9,2,1,9,8,8,2,1,1,0,605,606,0,0,7,23,3,2010,23,25,2325,0,0,0,0,0,"************",0,1,1,0
"210",6,60669,1,1,1,0,67,14,4,2,15,11,59,0,0,49,49442,20,1999,"P","TOYT","SIE","SV",99,17,3786,NA,0,1142,NA,"G",NA,0,0,0,0,12,9,0,24,1,1,4,11,3,0,20,0,0,0,1,5,2,1,30,8,8,2,1,0,0,1,0,0,0,7,14,4,2010,2,15,215,0,0,0,0,0,"************",0,7,68,0
"211",6,60747,2,1,2,0,73,1,5,2,33,11,12,2,0,37,37031,2,2008,"P","HOND","UCL","CP",8,17,2718,NA,0,1043,NA,"G",NA,0,0,0,0,12,12,0,24,1,2,4,13,7,0,1,0,0,0,8,9,2,1,18,8,8,2,1,0,0,1,0,0,0,7,1,5,2010,2,33,233,0,0,0,0,0,"************",0,7,1,0
"212",6,60757,1,1,1,0,1,2,5,22,55,11,25,0,0,20,20037,4,2007,"P","CHEV","IMT","4D",7,17,3674,NA,0,1105,NA,"F",NA,0,0,0,0,9,12,0,28,1,1,4,11,7,0,20,0,0,0,1,9,2,1,36,8,8,2,1,0,0,1,0,0,5,0,2,5,2010,23,22,2322,0,27,0,0,0,"************",0,7,2,0
"213",6,60813,1,1,1,0,37,26,5,2,27,11,33,0,0,53,53706,80,2003,"M","SUZI","SK3","RS",3,17,NA,NA,NA,NA,NA,NA,996,0,0,0,0,14,14,0,41,1,1,4,11,5,0,0,8,0,0,9,9,2,1,25,9,8,2,1,1,0,605,606,0,0,7,26,5,2010,2,27,227,0,0,0,0,0,"************",0,7,98,0
"214",6,60895,1,1,1,0,73,8,5,16,38,11,59,0,0,32,32045,1,2002,"P","AUDI","ATQ","RD",2,17,3386,NA,0,956,NA,"G",NA,0,0,0,0,12,14,0,76,1,1,4,11,3,0,9,0,0,0,1,8,2,1,26,8,8,2,1,0,0,1,0,0,5,0,14,5,2010,15,50,1550,143,12,0,0,0,"************",0,7,1,0
"215",6,60900,1,1,1,0,65,24,5,23,10,11,41,0,0,30,30040,4,2007,"P","VOLK","JET","4D",7,17,3193,NA,0,1015,NA,"G",NA,0,0,0,1,12,0,0,23,1,1,4,11,3,0,1,0,0,1,9,9,2,1,26,9,8,2,1,0,0,1,0,0,0,7,24,5,2010,23,10,2310,0,0,0,0,0,"************",0,1,1,0
"216",6,60910,2,0,1,1,1,5,6,2,2,11,25,0,0,NA,NA,NA,NA,NA,NA,NA,NA,NA,NA,NA,NA,NA,NA,NA,NA,NA,NA,NA,NA,NA,NA,NA,NA,30,1,5,4,0,96,8,97,8,0,0,1,9,2,1,19,8,8,2,1,0,0,1,0,0,0,7,5,6,2010,2,2,202,0,0,0,0,0,"************",0,7,2,13
"217",6,60946,1,1,1,0,71,13,6,4,45,11,1,0,0,20,20481,31,2007,"T","CHEV","1CW","CW",7,17,NA,2,0,1435,"SIL","G",NA,0,0,0,1,0,98,0,26,1,1,4,11,3,0,20,0,0,0,1,5,2,1,5,8,8,2,1,0,0,1,0,0,0,7,13,6,2010,4,45,445,0,0,0,0,0,"************",0,1,1,0
"218",6,61032,1,1,1,0,1,12,7,21,57,11,33,0,0,20,20481,31,1970,"P",NA,NA,NA,NA,NA,NA,NA,NA,NA,NA,NA,NA,0,0,0,1,14,99,0,57,1,1,4,11,2,0,0,0,0,0,9,9,2,1,7,8,8,2,1,0,0,1,0,0,5,0,12,7,2010,22,22,2222,0,25,0,0,0,"************",0,1,1,0
"219",6,61062,2,1,1,0,37,20,6,5,32,11,12,1,0,49,49038,2,1993,"P","TOYT","TSD","2D",93,17,1950,NA,0,937,NA,"G",NA,0,0,0,0,12,12,1,31,1,1,4,11,3,0,1,0,0,0,1,9,2,1,23,8,8,2,1,1,1,603,605,606,0,7,20,6,2010,5,32,532,0,0,0,0,0,"************",0,7,2,0
"220",6,61064,1,0,1,1,37,26,6,2,30,11,8,0,0,NA,NA,NA,NA,NA,NA,NA,NA,NA,NA,NA,NA,NA,NA,NA,NA,NA,NA,NA,NA,NA,NA,NA,NA,20,1,5,4,0,96,8,97,8,0,0,9,9,2,1,7,9,8,2,1,0,0,1,0,0,0,7,26,6,2010,2,30,230,0,0,37,0,0,"************",0,7,1,11
"221",6,61117,2,1,1,0,75,25,2,13,2,11,12,7,0,34,34705,80,1986,"M","BMW","K75","RS",86,17,NA,NA,NA,NA,NA,NA,750,0,0,0,0,5,61,0,46,1,1,4,11,5,0,0,8,0,0,9,9,2,1,21,8,8,2,1,1,1,351,600,996,5,0,25,2,2010,13,37,1337,0,35,0,0,0,"************",0,7,1,0
"222",6,61123,1,1,1,0,67,27,2,6,45,11,58,0,0,21,21002,4,1988,"P","OLDS","FRB","4D",88,17,3134,NA,0,1108,NA,"G",NA,0,0,0,0,14,12,0,84,1,1,4,11,3,0,0,0,0,1,9,9,2,1,94,9,8,2,1,1,1,155,387,996,5,0,27,2,2010,7,27,727,0,42,0,0,0,"************",0,7,1,0
"223",6,61184,1,1,1,0,67,29,7,19,8,11,24,0,0,23,23401,14,2002,"T","GMC","ENV","4W",2,17,NA,1,0,1130,"ENV","G",NA,0,0,0,1,12,4,0,59,1,1,4,11,7,0,20,0,0,1,9,9,2,1,10,8,8,0,0,0,0,0,0,0,5,0,29,7,2010,19,46,1946,0,38,0,0,0,"************",0,7,2,0
"224",6,61204,2,1,1,0,71,7,8,4,0,11,12,1,0,12,12481,31,2005,"T","FORD","F1S","CW",5,17,NA,2,1450,1260,"COF","G",NA,0,0,0,0,12,12,0,32,1,1,4,11,3,0,99,0,0,0,1,9,2,1,4,8,8,2,1,0,0,1,0,0,0,7,7,8,2010,4,0,400,0,0,0,0,0,"************",0,1,1,0
"225",6,61237,2,1,1,0,71,24,7,2,58,11,12,7,0,37,37401,14,1997,"P","HOND","PAS","UT",97,17,3770,NA,0,1085,NA,"G",NA,0,0,0,1,61,12,0,27,1,1,2,11,3,0,1,0,0,0,1,9,2,1,10,8,8,2,1,0,0,304,0,0,5,0,88,88,8888,88,88,8888,999,99,0,0,0,"************",8,0,0,0
"226",6,61237,2,1,2,0,71,24,7,2,58,11,12,7,0,37,37401,14,1997,"P","HOND","PAS","UT",97,17,3770,NA,0,1085,NA,"G",NA,0,0,0,1,61,12,0,23,1,2,4,13,7,0,1,1,9,0,8,9,2,1,20,8,8,2,1,0,0,1,0,0,0,7,24,7,2010,2,58,258,0,0,0,0,0,"************",0,1,1,0
"227",6,61283,1,1,1,0,37,20,5,22,51,11,33,0,0,49,49044,2,1999,"P","TOYT","CEE","CP",99,17,3230,NA,0,1051,NA,"G",NA,0,0,0,0,12,99,0,44,1,1,4,11,7,0,98,2,9,0,1,5,2,1,15,8,8,2,1,1,0,606,996,0,5,0,1,6,2010,15,55,1555,281,4,0,0,0,"************",0,7,1,0
"228",6,61294,1,1,1,0,65,9,7,23,25,11,25,0,0,35,35043,4,2000,"P","NISS","SSE","4D",0,17,2548,NA,0,998,NA,"G",NA,0,0,0,1,12,98,0,20,1,1,4,11,3,0,99,0,0,1,9,9,2,1,27,9,8,2,1,0,0,695,0,0,0,7,9,7,2010,23,25,2325,0,0,0,0,0,"************",0,7,1,0
"229",6,61321,2,1,1,0,37,15,4,21,15,11,12,1,0,73,73705,80,1996,"M","KAWK","ZXF","RS",96,17,NA,NA,NA,NA,NA,NA,600,0,0,0,0,12,12,0,49,1,1,4,11,5,0,0,8,0,0,9,9,2,1,20,9,8,2,1,0,0,1,0,0,0,7,15,4,2010,21,15,2115,0,0,0,0,0,"************",0,7,1,0
"230",6,61355,1,1,1,0,59,20,8,1,50,11,1,0,0,35,35481,31,2008,"T","NISS","TXS","CW",8,17,NA,2,0,1398,"TTN","G",NA,0,0,0,2,0,99,0,30,1,1,4,11,3,0,1,0,0,0,9,9,2,1,14,9,8,2,1,0,0,605,0,0,0,7,20,8,2010,1,50,150,0,0,0,0,0,"************",0,7,2,0
"231",6,61372,1,1,1,0,85,19,8,20,25,11,33,0,0,72,72706,80,2001,"M","HD","STC","RS",1,17,NA,NA,NA,NA,NA,NA,1450,0,0,0,0,14,14,0,60,1,1,4,11,5,0,0,8,0,0,9,9,2,1,3,9,8,2,1,0,0,1,0,0,5,0,19,8,2010,22,17,2217,1,52,0,0,0,"************",0,7,1,0
"232",6,61459,1,1,1,0,73,27,8,22,54,11,33,0,0,50,50706,80,2008,"M","TRIU","THX","RS",8,17,NA,NA,NA,NA,NA,NA,865,0,0,0,0,14,14,0,38,1,1,4,11,5,0,0,8,0,0,1,8,2,1,18,8,8,2,1,0,0,1,0,0,0,7,27,8,2010,22,54,2254,0,0,0,0,0,"************",9,99,99,0
"233",6,61501,2,1,1,0,71,4,9,21,45,11,12,1,0,49,49046,5,2009,"P","TOYT","PRI","4H",9,17,2932,NA,0,1063,NA,"B",NA,0,0,0,0,12,12,1,51,1,1,4,11,3,0,9,0,0,0,1,9,2,1,38,8,8,2,1,0,0,1,0,0,0,7,4,9,2010,21,45,2145,0,0,0,0,0,"************",0,7,1,0
"234",6,61521,1,1,1,0,37,8,8,0,34,11,1,0,0,49,49421,15,1991,"P","TOYT","LCW","UT",91,17,4600,NA,0,1122,NA,"G",NA,0,0,0,1,0,0,0,30,1,1,4,11,2,1,0,1,9,0,1,1,2,1,20,8,8,2,1,0,0,1,0,0,5,0,8,8,2010,0,56,56,0,22,0,0,0,"************",0,4,1,0
"235",6,61545,1,1,1,0,1,15,8,17,58,11,41,0,0,14,14017,6,1998,"P","MERC","SLS","SW",98,17,3462,NA,0,1085,NA,"G",NA,0,0,0,1,12,6,0,19,1,1,4,11,7,0,1,1,9,0,1,5,2,1,4,8,8,2,1,0,0,1,0,0,0,7,15,8,2010,17,58,1758,0,0,0,0,0,"************",0,6,1,0
"236",6,61603,2,1,1,0,59,1,9,0,27,11,12,1,0,76,76705,80,1998,"M","YAMA","YZF","RS",98,17,NA,NA,NA,NA,NA,NA,599,0,0,0,0,12,98,0,34,1,1,4,11,16,0,0,8,0,0,1,5,2,1,20,8,8,2,1,0,0,1,0,0,0,7,1,9,2010,0,27,27,0,0,0,0,0,"************",0,7,1,0
"237",6,61636,1,0,1,1,37,9,10,3,28,11,8,0,0,NA,NA,NA,NA,NA,NA,NA,NA,NA,NA,NA,NA,NA,NA,NA,NA,NA,NA,NA,NA,NA,NA,NA,NA,17,1,5,4,0,96,8,97,8,0,0,9,9,2,1,25,9,8,2,1,0,0,513,0,0,0,7,9,10,2010,3,28,328,0,0,37,0,0,"************",0,7,1,11
"238",6,61638,1,0,1,1,77,10,10,0,15,11,8,0,0,NA,NA,NA,NA,NA,NA,NA,NA,NA,NA,NA,NA,NA,NA,NA,NA,NA,NA,NA,NA,NA,NA,NA,NA,59,1,5,4,0,96,8,97,8,0,0,9,9,2,1,9,9,8,2,1,0,0,1,0,0,0,7,10,10,2010,0,15,15,0,0,0,0,0,"************",0,7,48,11
"239",6,61661,1,1,1,0,95,3,7,19,22,11,1,0,0,72,72706,80,2008,"M","HD","FHX","RS",8,17,NA,NA,NA,NA,NA,NA,1584,0,0,0,0,0,0,0,47,1,1,4,11,5,0,0,8,0,0,1,9,2,1,22,8,8,2,1,0,0,1,0,0,0,7,3,7,2010,19,22,1922,0,0,0,0,0,"************",0,7,1,0
"240",6,61728,1,0,1,1,73,13,10,1,35,11,8,0,0,NA,NA,NA,NA,NA,NA,NA,NA,NA,NA,NA,NA,NA,NA,NA,NA,NA,NA,NA,NA,NA,NA,NA,NA,17,1,5,4,0,96,8,97,8,0,0,1,9,2,1,24,8,8,2,1,1,0,402,695,0,0,7,13,10,2010,1,35,135,0,0,0,0,0,"************",9,99,99,13
"241",6,61763,1,1,2,0,71,12,9,4,4,11,33,0,0,20,20421,15,2000,"P","CHEV","CTA","UT",0,17,4419,NA,0,1175,NA,"G",NA,0,0,0,1,14,99,0,18,1,2,4,22,7,0,0,1,9,0,8,9,2,1,16,8,8,2,1,0,0,695,0,0,0,7,12,9,2010,4,4,404,0,0,0,0,0,"************",0,1,1,0
"242",6,61765,2,2,2,0,59,12,9,21,29,11,18,0,0,23,23441,20,2000,"T","GMC","SXT","ES",0,17,NA,1,0,1112,"SAF","G",NA,0,0,0,1,6,6,0,30,1,2,4,21,7,0,0,1,9,0,8,9,2,1,11,8,8,2,1,0,0,1,0,0,0,7,12,9,2010,21,29,2129,0,0,0,0,0,"************",0,1,1,0
"243",6,61790,2,1,1,0,37,19,9,2,0,11,12,1,0,20,20431,16,1999,"P","CHEV","C15","UT",99,17,4825,NA,0,1315,NA,"G",NA,0,0,0,0,12,12,0,30,1,1,4,11,7,0,20,0,0,0,9,9,2,1,12,9,8,2,1,0,0,1,0,0,5,0,19,9,2010,2,54,254,0,54,0,0,0,"************",0,4,19,0
"244",6,61794,2,1,1,0,37,3,10,3,16,11,12,1,0,49,49040,4,2011,"P","TOYT","CBA","4D",11,17,3263,NA,0,1093,NA,"G",NA,0,0,0,0,12,12,0,49,1,1,4,11,3,0,1,0,0,1,1,5,2,1,15,8,8,2,1,1,0,603,606,0,5,0,3,10,2010,3,59,359,0,43,0,0,0,"************",0,7,2,0
"245",6,61821,2,1,1,0,73,25,9,17,15,11,12,7,0,37,37032,4,2003,"P","HOND","ULX","4D",3,17,3053,NA,0,1079,NA,"G",NA,0,0,0,1,83,0,1,27,1,1,2,11,3,0,1,0,0,0,1,4,2,1,6,8,8,2,1,0,0,1,0,0,5,0,88,88,8888,88,88,8888,999,99,0,0,0,"************",8,0,0,0
"246",6,61910,1,0,1,1,73,30,10,20,31,11,8,0,0,NA,NA,NA,NA,NA,NA,NA,NA,NA,NA,NA,NA,NA,NA,NA,NA,NA,NA,NA,NA,NA,NA,NA,NA,35,1,5,4,0,96,8,97,8,0,0,1,5,2,1,29,8,8,2,1,0,0,1,0,0,0,7,30,10,2010,20,31,2031,0,0,37,0,0,"************",0,7,1,11
"247",6,62005,2,0,1,1,71,12,12,6,50,11,8,0,0,NA,NA,NA,NA,NA,NA,NA,NA,NA,NA,NA,NA,NA,NA,NA,NA,NA,NA,NA,NA,NA,NA,NA,NA,25,1,5,4,0,96,8,97,8,0,0,1,9,2,1,14,8,8,2,1,0,0,695,0,0,0,7,12,12,2010,6,50,650,0,0,0,0,0,"************",0,1,1,11
"248",6,62134,1,1,1,0,1,31,12,1,57,11,41,0,0,41,41046,2,1993,"P","MAZD","M3G","CP",93,17,2541,NA,0,963,NA,"G",NA,0,0,0,1,14,0,0,25,1,1,4,11,1,0,0,1,4,0,9,9,2,1,27,9,8,2,1,0,0,1,0,0,0,7,31,12,2010,1,57,157,0,0,0,0,0,"************",0,4,19,0
"249",6,62141,1,1,1,0,73,18,12,0,30,11,43,0,0,59,59031,4,1995,"P","LEXS","ES3","4D",95,17,3374,NA,0,1031,NA,"G",NA,0,0,0,0,12,9,0,23,1,1,4,11,7,0,1,0,0,0,1,1,2,1,17,8,8,2,1,0,0,1,0,0,0,7,18,12,2010,0,30,30,0,0,0,0,0,"************",0,1,1,0
"250",6,62180,1,1,1,0,73,16,10,1,14,11,41,0,0,37,37705,80,2005,"M","HOND","B60","RS",5,17,NA,NA,NA,NA,NA,NA,599,0,0,0,0,98,98,0,43,1,1,4,11,16,0,0,8,0,0,0,9,2,1,7,0,8,2,1,0,0,1,0,0,0,7,16,10,2010,1,14,114,0,0,0,0,0,"************",0,7,7,0
"251",6,62191,1,0,1,1,37,14,12,5,0,11,8,0,0,NA,NA,NA,NA,NA,NA,NA,NA,NA,NA,NA,NA,NA,NA,NA,NA,NA,NA,NA,NA,NA,NA,NA,NA,29,1,5,4,0,96,8,97,8,0,0,9,9,2,1,20,9,8,2,1,1,0,603,606,0,0,7,14,12,2010,5,0,500,0,0,0,0,0,"************",0,1,1,13
"252",6,62203,1,1,2,0,71,6,8,5,50,11,25,0,0,52,52401,14,1997,"P","MITS","MNS","UT",97,17,3700,NA,0,1073,NA,"G",NA,0,0,0,1,99,0,0,24,1,2,4,22,7,0,0,0,0,0,8,9,2,1,5,8,8,2,1,0,0,1,0,0,5,0,6,8,2010,21,7,2107,15,17,0,0,0,"************",0,7,7,0
"253",6,62243,1,1,1,0,37,1,12,0,10,11,1,0,0,20,20481,31,2006,"T","CHEV","2KH","CW",6,17,NA,2,1670,1530,"SIL","D",NA,0,0,0,1,0,0,0,25,1,1,4,11,7,0,20,0,0,0,9,9,2,1,20,9,8,2,1,0,0,1,0,0,0,7,1,12,2010,0,10,10,0,0,0,0,0,"************",0,7,1,0
"254",6,62253,1,1,1,0,37,5,12,2,40,11,1,0,0,49,49050,3,2008,"P","TOYT","SXC","LB",8,17,2905,NA,0,1063,NA,"G",NA,0,0,0,1,0,0,0,19,1,1,4,11,7,0,1,1,3,0,1,9,2,1,7,1,8,2,1,1,1,177,402,407,0,7,5,12,2010,2,40,240,0,0,0,0,0,"************",0,1,1,0
"255",6,62283,1,1,1,0,37,27,11,4,50,11,25,0,0,34,34034,2,2006,"P","BMW","3CS","CP",6,17,3285,NA,0,1073,NA,"G",NA,0,0,0,1,12,0,1,24,1,1,4,11,3,0,99,0,0,0,9,9,2,1,13,8,8,2,1,1,0,603,606,0,0,7,27,11,2010,4,50,450,0,0,0,0,0,"************",0,4,1,0
"256",6,62383,1,1,1,0,37,7,11,1,10,11,33,0,0,35,35481,31,2008,"T","NISS","TXS","PC",8,17,NA,2,0,1398,"TTN","G",NA,0,0,0,1,14,13,0,28,1,1,3,11,3,0,20,0,0,1,1,5,2,1,9,8,8,0,0,0,0,0,0,0,5,0,88,88,8888,88,88,8888,999,99,0,0,0,"************",8,0,0,0
"257",6,62398,1,1,1,0,73,11,11,1,15,11,24,0,0,59,59034,4,1995,"P","LEXS","GS3","4D",95,17,3660,NA,0,1094,NA,"G",NA,0,0,0,2,81,0,0,20,1,1,4,11,7,0,20,1,9,0,1,8,2,1,15,1,7,2,1,1,1,417,513,515,0,7,11,11,2010,1,15,115,0,0,0,0,0,"************",0,7,2,0
"258",6,62474,1,1,1,0,37,16,12,0,44,11,25,0,0,42,42042,4,2002,"P","MERZ","C24","4D",2,17,3210,NA,0,1068,NA,"F",NA,0,0,0,0,98,98,0,47,1,1,1,11,3,0,20,0,0,0,1,5,2,1,8,8,8,2,1,0,0,401,0,0,2,0,88,88,8888,88,88,8888,999,99,0,0,0,"************",8,0,0,0
"259",6,62478,2,1,1,0,73,14,12,21,15,11,1,0,0,72,72706,80,2009,"M","HD","FLU","RS",9,17,NA,NA,NA,NA,NA,NA,1584,0,0,0,0,0,0,0,33,1,1,4,11,16,0,0,8,0,0,1,9,2,1,24,8,8,2,1,0,0,1,0,0,0,7,14,12,2010,21,15,2115,0,0,0,0,0,"************",0,7,18,0
"260",6,62504,1,0,1,1,59,1,12,2,1,11,8,0,0,NA,NA,NA,NA,NA,NA,NA,NA,NA,NA,NA,NA,NA,NA,NA,NA,NA,NA,NA,NA,NA,NA,NA,NA,58,1,5,4,0,96,8,97,8,0,0,1,9,2,1,38,8,8,2,1,0,0,606,0,0,0,7,1,12,2010,2,1,201,0,0,0,0,0,"************",9,99,99,11
"261",6,62504,1,1,1,0,59,1,12,2,1,11,8,0,0,12,12037,3,2007,"P","FORD","FMS","3P",7,17,2605,NA,0,1029,NA,"G",NA,0,0,0,0,12,12,0,40,1,1,1,11,3,0,20,0,0,0,1,4,2,1,13,8,8,2,1,0,0,1,0,0,5,0,88,88,8888,88,88,8888,999,99,0,0,0,"************",8,0,0,0
"262",6,61972,2,0,1,1,37,2,12,0,35,11,12,6,0,NA,NA,NA,NA,NA,NA,NA,NA,NA,NA,NA,NA,NA,NA,NA,NA,NA,NA,NA,NA,NA,NA,NA,NA,31,1,5,4,0,96,8,97,8,0,0,1,9,2,1,20,8,8,2,1,1,0,603,606,0,0,7,2,12,2010,0,35,35,0,0,0,0,0,"************",0,4,1,11
"263",6,61972,2,1,1,0,37,2,12,0,35,11,12,6,0,34,34034,2,2010,"P","BMW","M3S","CP",10,17,3704,NA,0,1087,NA,"G",NA,0,0,0,0,12,12,0,24,1,1,2,11,3,0,9,0,0,0,1,5,2,1,17,8,8,0,0,0,0,0,0,0,5,0,88,88,8888,88,88,8888,999,99,0,0,0,"************",8,0,0,0
"264",6,60281,2,1,1,0,37,24,1,21,28,1,12,1,0,20,20032,4,1996,"P","GEO","GEP","4D",96,17,2359,NA,0,971,NA,"G",NA,0,0,0,0,6,6,0,63,1,9,2,11,99,0,20,0,0,0,1,5,2,1,17,8,8,0,0,0,0,0,0,0,5,0,88,88,8888,88,88,8888,999,99,0,0,0,"************",8,0,0,0
"265",6,60567,2,2,1,0,65,20,3,4,40,11,12,6,0,41,41050,4,2003,"P","MAZD","M6S","4D",3,17,3243,NA,0,1053,NA,"G",NA,0,0,0,0,9,9,0,29,1,9,4,11,7,0,1,0,0,0,9,9,2,1,10,8,8,2,1,0,0,1,0,0,0,7,20,3,2010,4,40,440,0,0,0,0,0,"************",0,1,1,0
"266",6,61115,3,1,1,0,37,20,6,1,7,11,25,0,0,37,37032,4,1997,"P","HOND","USE","4D",97,17,2864,NA,0,1069,NA,"G",NA,0,0,0,0,14,12,0,25,1,1,2,11,3,0,1,0,0,0,1,3,2,1,7,8,8,2,1,1,0,603,606,0,5,0,88,88,8888,88,88,8888,999,99,0,0,0,"************",8,0,0,0
"267",8,80146,1,1,1,0,41,19,6,2,0,1,1,0,0,49,49032,4,2009,"P","TOYT","CLB","4D",9,17,2723,NA,0,1024,NA,"G",NA,0,0,0,2,0,0,0,28,1,1,4,11,7,0,3,1,2,0,1,5,2,1,11,0,7,2,3,0,0,998,0,0,0,7,19,6,2010,3,25,325,1,25,0,0,0,"************",0,7,2,0
"268",8,80146,1,1,3,0,41,19,6,2,0,1,1,0,0,49,49032,4,2009,"P","TOYT","CLB","4D",9,17,2723,NA,0,1024,NA,"G",NA,0,0,0,2,0,0,0,20,1,2,4,21,7,0,3,2,2,0,1,5,2,1,4,0,7,2,2,0,0,1,0,0,0,7,19,6,2010,3,25,325,1,25,0,0,0,"************",0,7,2,0
"269",8,80151,1,1,1,0,87,22,6,4,51,1,59,0,0,20,20481,31,2005,"T","CHEV","2KH","4C",5,17,NA,2,1575,1435,"SIL","D",NA,0,0,0,2,12,0,0,46,1,1,4,11,7,0,20,1,2,0,0,5,2,1,27,0,7,2,2,0,0,1,0,0,0,7,22,6,2010,5,39,539,0,48,0,0,0,"************",0,7,1,0
"270",8,80272,1,1,1,0,101,25,9,2,25,1,1,0,0,23,23481,31,2007,"T","GMC","NK1","CW",7,17,NA,2,0,1435,"SIE","G",NA,0,0,0,2,0,0,0,26,1,1,4,11,7,0,20,1,3,0,1,5,2,1,16,0,7,2,3,0,0,1,0,0,0,7,25,9,2010,5,0,500,2,35,0,0,0,"************",0,7,1,0
"271",8,80358,1,1,5,0,35,22,11,7,40,1,31,0,0,6,6441,20,1999,"P","CHRY","TWC","SV",99,17,3953,NA,0,1193,NA,"G",NA,0,0,0,1,11,0,0,30,1,2,4,32,7,0,0,1,2,0,0,8,2,1,3,0,7,2,3,3,3,407,996,996,0,7,22,11,2010,8,6,806,0,26,0,0,0,"************",0,1,1,0
"272",8,80398,2,1,1,0,39,26,12,20,5,1,12,2,0,82,82881,66,2010,"T","FRHT","125","DS",10,17,NA,8,0,0,"CSC","D",NA,1,0,0,0,12,12,0,33,1,1,2,11,3,0,0,0,0,0,1,5,2,1,20,0,7,0,0,0,0,0,0,0,5,0,88,88,8888,88,88,8888,999,99,0,0,0,"************",8,0,0,0
"273",8,80065,3,1,1,0,31,9,4,2,16,11,30,0,0,49,49050,3,2009,"P","TOYT","SXC","LB",9,17,2905,NA,0,1063,NA,"G",NA,0,0,0,1,8,0,0,36,1,1,4,11,7,0,8,1,9,0,1,8,2,1,20,0,7,2,3,0,0,1,0,0,0,7,9,4,2010,2,25,225,0,9,0,0,0,"************",0,4,1,0
"274",8,80079,2,1,1,0,69,16,4,14,35,11,1,0,0,49,49472,30,2006,"T","TOYT","DCL","CW",6,17,NA,1,0,1219,"TAC","G",NA,1,0,0,2,0,0,0,42,1,1,4,11,7,0,20,1,2,0,0,5,2,1,36,0,7,2,2,0,0,1,0,0,0,7,16,4,2010,14,35,1435,0,0,0,0,0,"************",0,7,1,0
"275",8,80088,1,1,1,0,31,25,4,1,59,11,8,0,0,23,23401,14,1994,"T","GMC","SJI","4W",94,17,NA,1,0,1070,"S15","G",NA,0,0,0,0,12,12,0,36,1,1,0,11,7,0,0,0,0,0,1,9,2,1,5,1,8,0,0,0,0,0,0,0,0,0,88,88,8888,88,88,8888,999,99,0,0,0,"************",8,0,0,0
"276",8,80166,1,1,1,0,35,24,6,1,59,11,1,0,0,34,34034,4,1997,"P","BMW","8IA","4D",97,17,3197,NA,0,1063,NA,"G",NA,0,0,0,2,0,0,0,31,1,1,4,11,3,0,8,0,0,1,1,8,2,1,26,0,7,2,3,0,0,1,0,0,0,7,24,6,2010,2,31,231,0,32,0,0,0,"************",0,6,1,0
"277",8,80174,1,1,1,0,1,3,7,6,27,11,24,0,0,37,37706,80,1993,"M","HOND","B75","RS",93,17,NA,NA,NA,NA,NA,NA,750,0,0,0,0,61,61,0,55,1,1,4,11,5,0,0,8,0,0,0,5,2,1,3,0,7,2,2,0,0,1,0,0,0,7,3,7,2010,6,41,641,0,14,0,0,0,"************",0,7,1,0
"278",15,150022,2,1,1,0,3,27,2,4,21,11,12,1,0,53,53705,80,2009,"M","SUZI","G60","RC",9,17,NA,NA,NA,NA,NA,NA,599,0,0,0,0,12,12,0,24,1,1,4,11,16,0,0,8,0,0,9,9,2,1,23,9,8,2,1,0,0,1,0,0,0,7,27,2,2010,4,42,442,0,21,0,0,0,"************",0,2,1,0
"279",15,150102,1,1,1,0,3,28,11,19,52,11,14,0,0,72,72706,80,1994,"M","HD","L12","RS",94,17,NA,NA,NA,NA,NA,NA,1200,0,0,0,0,12,12,0,65,1,1,4,11,17,0,0,8,0,0,9,9,2,1,15,9,8,2,1,0,0,1,0,0,5,8,28,11,2010,20,48,2048,0,56,0,0,0,"************",0,7,28,0
"280",16,160009,1,1,1,0,77,10,2,99,99,1,35,0,0,20,20035,3,1989,"P","GEO","GMS","2H",89,17,0,NA,923,884,NA,"G",NA,0,0,0,1,1,13,0,41,1,1,4,11,7,0,0,1,9,0,1,9,2,1,16,0,8,0,0,0,0,0,0,0,0,7,10,2,2010,2,20,220,999,99,0,0,0,"************",0,7,1,0
"281",16,160056,1,1,1,0,39,6,6,2,30,1,1,0,0,23,23481,31,2003,"T","GMC","NC1","PK",3,17,NA,2,1330,1190,"SIE","G",NA,0,0,0,9,0,4,0,19,1,1,4,11,7,0,20,1,9,0,0,9,2,1,18,0,8,2,1,0,0,1,0,0,0,7,6,6,2010,2,30,230,0,0,0,0,0,"************",0,7,1,0
"282",16,160101,2,1,1,0,39,12,8,20,42,1,12,2,0,12,12481,31,2001,"T","FORD","F2S","4C",1,17,NA,2,1580,1418,"SRW","D",NA,0,0,0,0,12,12,0,44,1,1,3,11,3,0,1,0,0,0,1,9,2,1,28,0,8,0,0,0,0,0,0,0,1,0,88,88,8888,88,88,8888,999,99,0,0,0,"************",8,0,0,0
"283",16,160161,2,1,1,0,47,28,10,20,51,1,12,2,0,20,20481,31,1988,"T","CHEV","GK2","PK",88,17,NA,2,0,1315,"GM4","G",NA,0,0,0,0,12,12,0,59,1,1,4,11,7,0,0,0,0,1,1,9,2,1,15,0,8,2,1,0,0,433,0,0,1,0,28,10,2010,22,38,2238,1,47,0,0,0,"************",0,7,1,0
"284",16,160118,1,1,1,0,55,5,9,3,31,11,26,0,0,48,48034,4,1990,"P","SUBA","L44","4D",90,17,2830,NA,0,1016,NA,"G",NA,0,0,0,0,9,9,0,39,1,1,4,11,1,0,0,1,9,0,1,9,2,1,24,0,8,0,0,0,0,0,0,0,0,7,5,9,2010,3,31,331,0,0,0,0,0,"************",0,7,1,0
"285",30,300017,1,1,1,0,111,22,3,1,49,1,1,0,0,20,20403,14,2003,"P","CHEV","TRL","UT",3,17,4600,NA,0,1130,NA,"G",NA,0,0,0,1,0,13,0,27,1,1,4,11,7,0,20,1,9,0,1,9,2,1,21,1,7,2,3,3,3,996,996,996,0,7,22,3,2010,1,50,150,0,1,0,0,0,"************",0,7,1,0
"286",30,300045,1,1,1,0,31,28,5,2,40,1,52,0,0,20,20421,15,1981,"P","CHEV","K10","UT",81,17,4087,NA,0,1065,NA,"G",NA,0,0,0,1,11,13,0,33,1,1,4,11,3,0,0,0,0,0,1,1,2,1,19,0,8,2,3,3,3,996,996,996,0,7,28,5,2010,2,41,241,0,1,0,0,0,"************",0,7,1,0
"287",30,300061,1,1,1,0,43,28,6,19,40,1,24,0,0,72,72706,80,2002,"M","HD","FTI","RS",2,17,NA,NA,NA,NA,NA,NA,1450,0,0,0,0,1,2,0,56,1,1,4,11,17,0,0,8,0,0,1,9,2,1,14,0,8,2,1,0,0,606,0,0,0,7,28,6,2010,19,40,1940,0,0,0,0,0,"************",0,7,1,0
"288",30,300074,1,1,1,0,31,18,7,1,50,1,1,0,0,20,20441,20,1997,"T","CHEV","AST","ES",97,17,NA,2,0,1110,"AST","G",NA,0,0,0,1,0,0,0,21,1,1,4,11,7,0,20,1,9,0,1,5,2,1,13,0,8,2,1,1,1,996,996,996,1,0,18,7,2010,4,40,440,2,50,0,0,0,"************",0,7,1,0
"289",30,300104,1,1,1,0,63,6,9,17,32,1,1,0,0,48,48031,6,1988,"P","SUBA","DL4","SW",88,17,2510,NA,0,969,NA,"G",NA,0,0,0,1,0,0,0,36,1,1,4,11,3,0,0,0,0,1,1,5,2,1,23,8,8,2,1,1,1,321,996,996,5,0,6,9,2010,18,42,1842,1,10,0,0,0,"************",0,7,1,0
"290",30,300108,2,1,2,0,3,13,9,0,2,1,1,0,0,47,47034,4,1990,"P","SAA","90S","4D",90,17,2821,NA,0,991,NA,"G",NA,0,0,0,1,0,14,0,30,1,2,4,13,7,0,0,1,9,0,1,5,2,1,25,0,8,2,3,0,0,996,0,0,0,7,13,9,2010,0,2,2,0,0,0,0,0,"************",0,7,3,0
"291",30,300125,2,1,1,0,13,5,10,2,40,1,12,1,0,12,12035,4,1995,"P","FORD","CGL","4D",95,17,2769,NA,0,1065,NA,"G",NA,0,0,0,0,6,63,0,34,1,1,4,11,7,0,20,0,0,0,1,5,2,1,24,0,8,2,1,0,0,1,0,0,0,7,5,10,2010,3,2,302,0,22,0,0,0,"************",0,7,1,0
"292",30,300137,1,1,2,0,111,7,11,3,40,1,1,0,0,49,49472,30,2002,"T","TOYT","XTR","PC",2,17,NA,1,0,1219,"TAC","G",NA,0,0,0,1,0,12,0,28,1,2,4,52,7,0,0,1,1,0,1,5,2,1,16,8,8,2,1,3,0,606,996,0,0,7,7,11,2010,3,40,340,0,0,0,0,0,"************",0,7,1,0
"293",30,300147,2,2,1,0,17,29,11,16,0,1,24,0,0,23,23481,31,2003,"T","GMC","NK1","4C",3,17,NA,2,1575,1435,"SIE","G",NA,0,0,0,0,11,61,0,65,1,1,4,11,7,0,20,0,0,1,1,5,2,1,8,1,8,2,3,1,0,996,996,0,5,0,29,11,2010,18,14,1814,2,14,0,0,0,"************",0,7,1,0
"294",30,300152,1,0,1,1,111,9,12,20,25,1,8,0,0,NA,NA,NA,NA,NA,NA,NA,NA,NA,NA,NA,NA,NA,NA,NA,NA,NA,NA,NA,NA,NA,NA,NA,NA,26,1,5,4,0,96,8,97,8,0,0,1,5,2,1,15,9,8,2,3,3,3,401,417,606,0,7,9,12,2010,20,25,2025,0,0,0,0,0,"************",0,7,1,11
"295",30,300156,2,1,1,0,111,19,12,3,20,1,12,2,0,35,35401,14,2000,"P","NISS","PFI","UT",0,17,3977,NA,0,1063,NA,"G",NA,0,0,0,0,12,13,1,67,1,1,4,11,99,0,99,0,0,0,1,9,2,1,5,0,8,2,1,1,1,996,996,996,0,7,19,12,2010,3,20,320,0,0,0,0,0,"************",0,7,1,0
"296",32,320083,1,1,1,0,11,11,6,18,45,1,31,0,0,48,48045,6,2009,"P","SUBA","O2I","SW",9,17,3357,NA,0,1051,NA,"G",NA,0,0,0,1,12,13,0,73,1,1,4,11,3,0,2,0,0,1,1,1,2,1,23,0,1,2,1,0,0,1,0,0,0,7,11,6,2010,19,35,1935,0,50,0,0,0,"************",0,7,1,0
"297",32,320154,2,1,1,0,7,10,9,20,35,1,12,2,0,35,35471,30,1990,"T","NISS","U4K","PC",90,17,NA,1,0,1161,"D21","G",NA,0,0,0,0,12,12,0,52,1,1,4,11,7,0,0,0,0,1,1,1,2,1,28,0,1,2,1,0,0,1,0,0,0,7,10,9,2010,20,35,2035,0,0,0,0,0,"************",0,7,1,0
"298",32,320169,1,1,1,0,31,2,10,6,35,1,31,0,0,20,20421,15,2002,"P","CHEV","KTA","UT",2,17,5050,NA,0,1160,NA,"F",NA,0,0,0,1,12,98,0,23,1,1,4,11,7,0,20,1,9,0,1,1,2,1,21,1,1,2,1,1,0,600,606,0,0,7,2,10,2010,6,35,635,0,0,0,0,0,"************",0,7,3,0
"299",32,320188,2,1,1,0,11,22,10,12,25,1,12,1,0,12,12401,14,1997,"P","FORD","EPR","UT",97,17,4166,NA,0,1115,NA,"G",NA,0,0,0,0,12,12,0,37,1,1,4,11,3,0,1,0,0,1,1,1,2,1,20,0,1,2,1,0,0,1,0,0,5,0,22,10,2010,17,51,1751,5,26,0,0,0,"************",0,7,1,0
"300",32,320110,2,1,1,0,3,7,7,13,15,11,12,6,0,12,12481,31,2003,"T","FORD","F15","4C",3,17,NA,2,0,1385,"COF","G",NA,0,0,0,1,4,62,0,65,1,1,4,11,7,0,20,1,9,0,1,1,2,1,18,0,8,0,0,0,0,0,0,0,1,0,7,7,2010,14,2,1402,0,47,0,0,0,"************",0,7,1,0
"301",32,320187,1,1,2,0,3,22,10,12,4,11,1,0,0,6,6052,6,2002,"P","CHRY","PTC","SV",2,17,3119,NA,0,1033,NA,"G",NA,0,0,0,1,0,0,0,41,1,2,4,13,7,0,20,1,9,0,1,1,2,1,11,1,1,2,1,1,1,600,606,603,0,7,22,10,2010,14,40,1440,2,36,0,0,0,"************",0,7,2,0
"302",32,320191,1,0,1,1,3,29,10,0,35,11,15,0,0,NA,NA,NA,NA,NA,NA,NA,NA,NA,NA,NA,NA,NA,NA,NA,NA,NA,NA,NA,NA,NA,NA,NA,NA,20,1,8,4,0,96,8,97,8,0,0,1,1,2,1,17,1,1,2,1,1,0,600,606,0,5,0,29,10,2010,1,15,115,0,40,13,0,0,"************",0,6,1,3
"303",35,350025,1,1,1,0,1,6,3,2,30,1,24,0,0,12,12402,14,2007,"P","FORD","SPE","UT",7,17,3156,NA,0,1031,NA,"G",NA,0,0,0,1,12,13,0,17,1,1,4,11,7,0,20,1,9,0,1,2,2,1,27,8,8,2,1,0,0,1,0,0,0,7,6,3,2010,7,0,700,4,30,0,0,0,"************",0,7,3,0
"304",35,350031,1,1,1,0,13,1,3,3,54,1,26,0,0,41,41035,4,1994,"U",NA,NA,NA,9,17,NA,NA,NA,NA,NA,NA,NA,0,0,0,1,12,13,0,23,1,1,2,11,3,0,20,0,0,0,1,2,2,1,14,8,8,2,1,0,0,1,0,0,5,0,88,88,8888,88,88,8888,999,99,0,0,0,"************",8,0,0,0
"305",35,350031,1,1,3,0,13,1,3,3,54,1,26,0,0,41,41035,4,1994,"U",NA,NA,NA,9,17,NA,NA,NA,NA,NA,NA,NA,0,0,0,1,12,13,0,21,1,2,4,23,7,0,0,1,9,0,1,2,2,1,14,8,8,2,1,0,0,1,0,0,0,7,1,3,2010,7,26,726,3,32,0,0,0,"************",0,6,1,0
"306",35,350086,1,1,1,0,13,3,6,17,7,1,35,0,0,12,12481,31,2001,"T","FORD","F2S","PK",1,17,NA,2,0,1370,"SRW","D",NA,0,0,0,0,12,13,0,31,1,1,4,11,7,0,1,0,0,0,1,1,2,1,8,8,8,2,1,0,0,1,0,0,0,7,3,6,2010,19,0,1900,1,53,0,0,0,"************",0,7,1,0
"307",35,350100,1,1,1,0,1,19,5,2,16,1,1,0,0,59,59032,4,1991,"P","LEXS","LS4","4D",91,17,3591,NA,0,1108,NA,"G",NA,0,0,0,1,0,13,0,23,1,1,4,11,7,0,20,1,6,0,1,1,2,1,8,8,8,2,1,0,0,1,0,0,1,8,19,5,2010,11,24,1124,9,8,0,0,0,"************",0,6,1,0
"308",35,350112,1,1,1,0,33,3,6,20,15,1,1,0,0,35,35472,30,2000,"T","NISS","FKX","PC",0,17,NA,1,0,1161,"FRT","G",NA,0,0,0,1,0,13,0,68,1,1,4,11,7,0,20,1,9,0,1,1,2,1,15,8,8,2,1,0,0,1,0,0,0,7,3,6,2010,22,5,2205,1,50,0,0,0,"************",0,6,1,0
"309",35,350167,1,0,1,1,49,8,9,1,6,1,8,0,0,NA,NA,NA,NA,NA,NA,NA,NA,NA,NA,NA,NA,NA,NA,NA,NA,NA,NA,NA,NA,NA,NA,NA,NA,49,1,5,4,0,96,8,97,8,0,0,1,2,2,1,29,8,8,2,1,0,0,1,0,0,5,0,8,9,2010,8,15,815,7,9,0,0,0,"************",0,6,1,11
"310",35,350179,2,1,2,0,1,4,7,18,56,1,12,2,0,12,12037,5,2002,"P","FORD","FX5","5D",2,17,2699,NA,0,1030,NA,"G",NA,0,0,0,0,12,12,0,24,1,2,4,13,7,0,1,0,0,0,1,5,2,1,24,8,8,0,0,0,0,0,0,0,0,7,4,7,2010,21,25,2125,2,29,0,0,0,"************",0,7,3,0
"311",35,350222,2,1,1,0,43,25,9,13,35,1,12,2,0,72,72706,80,1995,"M","HD","XSB","RS",95,17,NA,NA,NA,NA,NA,NA,1340,0,0,0,0,12,12,0,39,1,1,4,11,17,0,0,8,0,0,1,9,2,1,8,8,8,2,1,0,0,1,0,0,0,7,25,9,2010,15,9,1509,1,34,0,0,0,"************",0,7,3,0
"312",35,350234,1,1,1,0,51,8,11,11,15,1,59,0,0,73,73709,80,1988,"P",NA,NA,NA,10,NA,NA,NA,NA,NA,NA,NA,NA,0,0,0,0,12,12,0,33,1,1,4,11,17,0,0,8,0,0,1,1,2,1,27,8,8,2,1,0,0,1,0,0,0,7,8,11,2010,11,57,1157,0,42,0,0,0,"************",0,7,1,0
"313",35,350274,2,2,1,0,1,17,7,1,9,1,12,1,0,22,22022,4,2007,"P","PONT","6BS","4D",7,17,3305,NA,0,1123,NA,"G",NA,0,0,0,0,12,12,0,29,1,1,3,11,3,0,1,0,0,0,1,1,2,1,1,8,8,2,1,0,0,1,0,0,5,0,88,88,8888,88,88,8888,999,99,0,0,0,"************",8,0,0,0
"314",35,350286,2,1,1,0,47,23,3,22,25,1,12,2,0,13,13001,4,1990,"P","LINC","TNC","4D",90,17,4028,NA,0,1174,NA,"G",NA,0,0,0,0,12,12,0,28,1,1,4,11,3,0,1,0,0,0,1,1,2,1,28,8,8,2,1,0,0,1,0,0,0,7,24,3,2010,12,35,1235,14,10,0,0,0,"************",0,6,1,0
"315",35,350324,1,1,1,0,43,14,2,2,53,1,1,0,0,22,22022,4,2007,"P","PONT","GGT","4D",7,17,3457,NA,0,1123,NA,"G",NA,0,0,0,1,0,13,0,21,1,1,4,11,7,0,20,1,6,0,1,1,2,1,26,8,8,2,1,0,0,1,0,0,0,7,14,2,2010,5,27,527,2,34,0,0,0,"************",0,6,1,0
"316",41,410031,1,0,1,1,43,22,3,20,55,1,8,0,0,NA,NA,NA,NA,NA,NA,NA,NA,NA,NA,NA,NA,NA,NA,NA,NA,NA,NA,NA,NA,NA,NA,NA,NA,41,1,5,4,0,96,8,97,8,0,0,8,9,2,1,29,8,8,2,2,0,0,1,0,0,0,7,22,3,2010,20,55,2055,0,0,0,0,0,"************",0,7,1,11
"317",41,410079,1,1,1,0,27,29,4,12,35,1,42,0,0,20,20481,31,2002,"T","CHEV","2KH","PK",2,17,NA,2,0,1330,"SIL","G",NA,0,0,0,0,12,12,0,18,1,1,4,11,7,0,99,0,0,0,9,9,2,1,10,9,8,0,0,0,0,0,0,0,5,0,29,4,2010,14,0,1400,1,25,0,0,0,"************",0,7,1,0
"318",41,410181,1,1,1,0,59,14,8,22,5,1,1,0,0,72,72706,80,2007,"M","HD","FHC","RS",7,17,NA,NA,NA,NA,NA,NA,1584,0,0,0,0,0,0,0,47,1,1,4,11,5,0,0,8,0,0,9,9,2,1,14,9,8,0,0,0,0,0,0,0,0,7,14,8,2010,22,11,2211,0,6,0,0,0,"************",0,7,1,0
"319",41,410278,1,1,1,0,19,8,12,19,54,1,14,0,0,23,23471,30,1986,"T","GMC","S10","PK",86,17,NA,1,1229,1083,"S","G",NA,0,0,0,0,12,12,0,44,1,1,4,11,7,0,0,0,0,1,1,5,2,1,20,8,8,2,3,0,0,1,0,0,5,0,8,12,2010,20,57,2057,1,3,0,0,0,"************",0,7,1,0
"320",41,410037,5,0,1,1,47,18,3,5,44,11,8,0,0,NA,NA,NA,NA,NA,NA,NA,NA,NA,NA,NA,NA,NA,NA,NA,NA,NA,NA,NA,NA,NA,NA,NA,NA,44,1,5,4,0,96,8,97,8,0,0,9,9,2,1,23,9,8,0,0,0,0,0,0,0,0,7,18,3,2010,5,44,544,0,0,0,0,0,"************",0,7,1,11
"321",41,410086,1,1,1,0,51,13,5,23,4,11,39,0,0,12,12481,31,2004,"T","FORD","F15","4C",4,17,NA,2,1450,1260,"COF","G",NA,0,0,0,1,12,12,0,23,1,1,2,11,3,0,99,0,0,0,1,5,2,1,18,8,8,0,0,0,0,0,0,0,5,0,88,88,8888,88,88,8888,999,99,0,0,0,"************",8,0,0,0
"322",41,410226,5,0,1,1,51,5,10,1,52,11,8,0,0,NA,NA,NA,NA,NA,NA,NA,NA,NA,NA,NA,NA,NA,NA,NA,NA,NA,NA,NA,NA,NA,NA,NA,NA,35,1,5,4,0,96,8,97,8,0,0,9,9,2,1,8,9,8,0,0,0,0,0,0,0,0,7,5,10,2010,1,52,152,0,0,0,0,0,"************",0,7,1,11
"323",41,410289,1,0,1,1,5,19,12,3,12,11,8,0,0,NA,NA,NA,NA,NA,NA,NA,NA,NA,NA,NA,NA,NA,NA,NA,NA,NA,NA,NA,NA,NA,NA,NA,NA,26,1,5,4,0,96,8,97,8,0,0,9,9,2,1,25,9,8,0,0,0,0,0,0,0,0,7,19,12,2010,3,12,312,0,0,0,0,0,"************",0,1,1,11
"324",49,490028,1,1,1,0,45,10,4,22,0,1,31,0,0,37,37031,4,1995,"P","HOND","CEX","4D",95,17,2459,NA,0,1032,NA,"G",NA,0,0,0,1,2,2,0,27,1,1,4,11,7,0,20,2,9,1,1,1,2,1,23,0,1,2,1,0,0,1,0,0,0,7,10,4,2010,22,0,2200,0,0,0,0,0,"************",0,7,1,0
"325",49,490098,1,1,1,0,21,3,8,6,45,1,31,0,0,52,52034,4,2003,"P","MITS","UEL","4D",3,17,3075,NA,0,1037,NA,"G",NA,0,0,0,0,12,12,0,19,1,1,4,11,99,0,1,1,9,0,1,1,2,1,10,1,1,2,1,0,0,606,0,0,0,7,3,8,2010,6,45,645,0,0,0,0,0,"************",0,7,1,0
"326",49,490002,1,1,1,0,57,14,1,9,25,11,24,0,0,20,20481,31,1997,"T","CHEV","GC2","PK",97,17,NA,2,0,1315,"GM4","G",NA,0,0,0,1,12,13,0,48,1,1,4,11,3,0,20,0,0,1,1,1,2,1,27,0,8,0,0,0,0,0,0,0,1,0,1,2,2010,22,23,2223,444,58,0,0,0,"************",9,7,1,0
"327",49,490116,2,1,1,0,35,11,9,20,36,11,12,11,0,2,2404,14,2001,"T","JEEP","LMT","4W",1,17,NA,1,0,1059,"GCK","G",NA,0,0,0,0,5,5,0,23,1,1,0,11,3,0,20,0,0,0,1,1,2,1,1,0,8,0,0,0,0,0,0,0,0,0,88,88,8888,88,88,8888,999,99,0,0,0,"************",8,0,0,0
"328",53,530238,1,1,1,0,37,28,8,6,40,1,35,0,0,20,20401,14,2002,"P","CHEV","TRL","UT",2,17,4628,NA,0,1130,NA,"G",NA,0,0,0,1,12,12,0,53,1,1,4,11,7,0,1,1,9,0,1,1,2,1,9,8,8,2,1,1,1,402,407,606,0,7,28,8,2010,6,40,640,0,0,0,0,0,"************",0,7,1,0
"329",53,530333,1,1,1,0,5,31,10,2,20,1,1,0,0,23,23421,15,2001,"T","GMC","DEN","4W",1,17,NA,2,0,0,"DEN","G",NA,0,0,0,1,0,0,0,32,1,1,4,11,7,0,20,1,9,0,1,9,2,1,18,8,8,2,1,1,1,295,402,407,0,7,31,10,2010,2,20,220,0,0,0,0,0,"************",0,1,1,0
"330",53,530036,2,1,1,0,33,20,2,0,26,11,12,2,0,2,2404,14,2000,"T","JEEP","LRO","4W",0,17,NA,1,0,1059,"GCK","G",NA,0,0,0,0,12,12,0,25,1,1,4,11,1,0,1,0,0,0,1,1,2,1,21,8,8,2,2,0,0,1,0,0,5,0,20,2,2010,1,48,148,1,22,0,0,0,"************",0,7,1,0
"331",53,530047,1,1,1,0,53,25,2,99,99,11,59,0,0,63,63031,4,1999,"P","KIA","SPL","4D",99,17,2478,NA,0,1008,NA,"G",NA,0,0,0,1,12,12,0,25,1,1,4,11,7,0,20,0,0,1,1,9,2,1,21,8,8,2,1,0,0,1,0,0,0,7,25,2,2010,0,0,0,999,99,0,0,0,"************",0,1,1,0
"332",53,530069,1,1,1,0,61,22,3,2,19,11,14,0,0,41,41471,30,1989,"T","MAZD","CPL","PC",89,17,NA,1,0,1175,"B22","G",NA,0,0,0,0,12,12,0,21,1,1,2,11,3,0,0,0,0,0,1,9,2,1,15,8,8,2,1,0,0,1,0,0,5,0,88,88,8888,88,88,8888,999,99,0,0,0,"************",8,0,0,0
"333",53,530069,1,1,2,0,61,22,3,2,19,11,14,0,0,41,41471,30,1989,"T","MAZD","CPL","PC",89,17,NA,1,0,1175,"B22","G",NA,0,0,0,0,12,12,0,20,1,2,4,13,3,0,0,0,0,1,8,9,2,1,22,8,8,2,2,0,0,1,0,0,0,7,22,3,2010,2,19,219,0,0,0,0,0,"************",0,1,1,0
"334",53,530071,2,1,1,0,53,28,3,2,4,11,12,2,0,37,37031,3,1995,"P","HOND","CID","2H",95,17,2115,NA,0,1013,NA,"G",NA,0,0,0,0,12,12,0,24,1,1,4,11,7,0,1,0,0,0,1,1,2,1,20,8,8,2,1,1,0,606,695,0,0,7,28,3,2010,2,4,204,0,0,0,0,0,"************",0,7,1,0
"335",53,530085,1,1,1,0,33,12,4,0,12,11,20,0,0,37,37032,2,2005,"P","HOND","USE","CP",5,17,3285,NA,0,1051,NA,"G",NA,0,0,0,0,12,12,0,22,1,1,1,11,3,0,8,0,0,0,1,9,2,1,11,8,8,2,1,0,0,1,0,0,0,0,88,88,8888,88,88,8888,999,99,0,0,0,"************",8,0,0,0
"336",53,530085,1,1,2,0,33,12,4,0,12,11,20,0,0,37,37032,2,2005,"P","HOND","USE","CP",5,17,3285,NA,0,1051,NA,"G",NA,0,0,0,0,12,12,0,26,1,2,4,13,7,0,8,0,0,0,8,9,2,1,16,8,8,2,3,0,0,695,0,0,0,7,12,4,2010,0,12,12,0,0,0,0,0,"************",0,7,1,0
"337",53,530127,1,0,1,1,33,9,5,1,26,11,8,0,0,NA,NA,NA,NA,NA,NA,NA,NA,NA,NA,NA,NA,NA,NA,NA,NA,NA,NA,NA,NA,NA,NA,NA,NA,31,1,5,4,0,96,8,97,8,0,0,9,9,2,1,20,8,8,2,2,0,0,1,0,0,0,7,9,5,2010,1,26,126,0,0,0,0,0,"************",0,1,1,11
"338",53,530137,2,1,1,0,33,9,6,23,36,11,12,1,0,12,12481,31,1998,"P","FORD","EPR","UT",98,17,4146,NA,0,1115,NA,"G",NA,0,0,0,0,12,12,0,50,1,1,1,11,3,0,1,0,0,0,1,9,2,1,16,8,8,2,1,0,0,1,0,0,5,0,88,88,8888,88,88,8888,999,99,0,0,0,"************",8,0,0,0
"339",53,530162,1,1,1,0,53,23,6,21,7,11,25,0,0,72,72706,80,2004,"M","HD","FLU","RS",4,17,NA,NA,NA,NA,NA,NA,1450,0,0,0,0,12,12,0,55,1,1,4,11,5,0,0,8,0,0,1,1,2,1,20,8,8,2,1,0,0,1,0,0,5,0,23,6,2010,22,5,2205,0,58,0,0,0,"************",0,7,1,0
"340",53,530202,3,1,1,0,33,31,7,2,43,11,12,7,0,34,34037,4,2002,"P","BMW","45L","4D",2,17,4464,NA,0,1232,NA,"G",NA,0,0,0,0,7,12,0,23,1,1,4,11,3,0,8,0,0,0,9,9,2,1,18,8,8,2,1,0,0,1,0,0,0,7,31,7,2010,2,43,243,0,0,0,0,0,"************",0,7,1,0
"341",53,530202,3,1,2,0,33,31,7,2,43,11,12,7,0,34,34037,4,2002,"P","BMW","45L","4D",2,17,4464,NA,0,1232,NA,"G",NA,0,0,0,0,7,12,0,23,1,2,4,13,3,0,8,0,0,0,8,9,2,1,19,8,8,2,3,0,0,1,0,0,0,7,31,7,2010,2,43,243,0,0,0,0,0,"************",0,7,1,0
"342",53,530202,3,2,1,0,33,31,7,2,43,11,12,7,0,54,54039,4,2005,"P","ACUR","TSX","4D",5,17,3230,NA,0,1051,NA,"G",NA,0,0,0,0,2,2,0,25,1,1,0,11,3,0,8,0,0,0,1,9,2,1,4,8,8,0,0,0,0,0,0,0,0,0,88,88,8888,88,88,8888,999,99,0,0,0,"************",8,0,0,0
"343",53,530367,1,0,1,1,53,20,11,2,0,11,8,0,0,NA,NA,NA,NA,NA,NA,NA,NA,NA,NA,NA,NA,NA,NA,NA,NA,NA,NA,NA,NA,NA,NA,NA,NA,39,1,5,4,0,96,8,97,8,0,0,8,9,2,1,25,8,8,2,2,0,0,1,0,0,0,7,20,11,2010,2,0,200,0,0,0,0,0,"************",0,7,1,11
"344",56,560033,1,1,1,0,7,2,6,10,20,1,1,0,0,12,12401,14,1991,"P","FORD","EPR","UT",91,17,0,NA,0,1120,NA,"G",NA,0,0,0,1,0,0,0,62,1,1,4,11,99,0,0,2,1,0,1,9,2,1,21,1,8,2,1,0,0,606,0,0,0,7,2,6,2010,10,20,1020,0,0,0,0,0,"************",0,7,1,0
"345",56,560099,1,1,1,0,25,2,10,19,45,1,31,0,0,49,49404,14,2007,"P","TOYT","FJC","UT",7,17,4290,NA,0,1063,NA,"G",NA,0,0,0,1,12,99,0,47,1,1,4,11,3,0,20,0,0,0,1,5,2,1,26,0,8,0,0,0,0,0,0,0,0,7,2,10,2010,20,0,2000,0,15,0,0,0,"************",0,7,1,0
"346",56,560109,1,1,1,0,37,29,10,20,58,1,34,0,0,22,22020,4,2002,"P","PONT","GFS","4D",2,17,3384,NA,0,1105,NA,"G",NA,0,0,0,1,99,99,0,23,1,1,4,11,7,0,20,1,2,0,1,5,2,1,28,8,8,2,1,0,0,1,0,0,0,7,29,10,2010,21,0,2100,0,2,0,0,0,"************",0,7,1,0
"347",56,560025,1,1,1,0,25,1,5,18,30,11,1,0,0,20,20481,31,1994,"T","CHEV","GC2","PK",94,17,NA,2,0,1315,"GM4","G",NA,0,0,0,1,0,0,0,53,1,1,4,11,7,0,0,1,9,0,1,9,2,1,11,8,8,2,1,0,0,1,0,0,0,7,1,5,2010,18,36,1836,0,6,0,0,0,"************",0,7,1,0
"348",2,20028,1,1,2,0,90,14,9,1,47,1,5,0,0,12,12401,14,1990,"P","FORD","BRO","UT",90,17,4348,NA,0,1050,NA,"G",NA,0,0,0,0,0,0,0,41,2,2,4,13,7,0,20,0,0,0,1,9,2,1,28,0,8,2,1,0,0,1,0,0,0,7,14,9,2010,2,55,255,1,8,32,0,0,"************",0,7,1,0
"349",2,20052,2,2,1,0,90,21,12,20,0,11,12,2,0,20,20431,16,1993,"P","CHEV","K15","UT",93,17,5148,NA,0,1315,NA,"G",NA,0,0,0,0,12,12,0,55,2,1,3,11,7,0,20,0,0,1,1,1,2,1,27,1,1,2,1,0,0,603,0,0,5,0,88,88,8888,88,88,8888,999,99,0,0,0,"************",8,0,0,0
"350",4,40523,1,1,1,0,13,30,10,6,19,11,57,0,0,55,55033,4,2001,"P","HYUN","SGL","4D",1,17,3069,NA,0,1063,NA,"G",NA,0,0,0,0,61,99,0,35,2,1,4,11,7,0,1,0,0,1,9,9,2,1,8,9,8,2,1,0,0,1,0,0,5,0,30,10,2010,8,24,824,2,5,0,0,0,"************",0,99,99,0
"351",6,60023,1,1,1,0,47,8,1,1,50,1,1,0,0,20,20421,15,2005,"P","CHEV","CTA","UT",5,17,4975,NA,0,1160,NA,"G",NA,0,0,0,1,0,0,0,33,2,1,4,11,7,0,20,1,9,0,1,8,2,1,18,8,8,2,1,0,0,1,0,0,5,0,8,1,2010,14,41,1441,12,51,0,0,0,"************",0,1,1,0
"352",6,60438,1,1,1,0,71,9,4,19,25,1,1,0,0,20,20421,15,2004,"P","CHEV","CTA","UT",4,17,4828,NA,0,1160,NA,"G",NA,0,0,0,1,0,0,0,40,2,1,3,11,3,0,20,0,0,0,1,8,2,1,9,8,8,0,0,0,0,0,0,0,1,0,88,88,8888,88,88,8888,999,99,0,0,0,"************",8,0,0,0
"353",6,60477,1,1,1,0,61,11,3,2,27,1,17,0,0,54,54031,4,1990,"P","ACUR","IRS","4D",90,17,2491,NA,0,1024,NA,"G",NA,0,0,0,1,12,12,0,25,2,1,4,11,7,0,20,1,2,0,1,8,2,1,22,8,8,2,1,0,0,603,0,0,0,7,11,3,2010,2,27,227,0,0,0,0,0,"************",0,7,1,0
"354",6,60708,2,1,1,0,103,5,5,21,55,1,39,0,0,54,54039,4,2007,"P","ACUR","TSX","4D",7,17,3345,NA,0,1051,NA,"G",NA,0,0,0,0,12,12,0,30,2,1,0,11,3,0,9,0,0,0,1,5,2,1,21,8,8,0,0,0,0,0,0,0,0,0,88,88,8888,88,88,8888,999,99,0,0,0,"************",8,0,0,0
"355",6,60708,2,1,2,0,103,5,5,21,55,1,39,0,0,54,54039,4,2007,"P","ACUR","TSX","4D",7,17,3345,NA,0,1051,NA,"G",NA,0,0,0,0,12,12,0,50,2,2,4,13,3,0,9,0,0,0,8,9,2,1,15,8,8,2,1,0,0,1,0,0,0,7,5,5,2010,21,55,2155,0,0,0,0,0,"************",0,1,1,0
"356",6,60935,1,1,1,0,61,9,6,18,20,1,1,0,0,2,2404,14,1991,"T","JEEP","LAR","4W",91,17,NA,1,0,1014,"CHK","G",NA,0,0,0,2,0,99,0,32,2,1,4,11,7,0,0,1,9,0,1,9,2,1,37,8,8,2,1,0,0,1,0,0,5,0,9,6,2010,19,11,1911,0,51,0,0,0,"************",0,7,1,0
"357",6,61005,2,1,1,0,77,5,7,2,55,1,12,2,0,7,7442,20,2004,"P","DODG","CAR","SV",4,17,3774,NA,0,1193,NA,"G",NA,0,0,0,0,12,12,0,30,2,1,4,11,3,0,1,0,0,1,9,9,2,1,12,8,8,2,1,0,0,1,0,0,0,7,5,7,2010,2,55,255,0,0,0,0,0,"************",0,1,1,0
"358",6,60156,2,0,1,1,73,7,2,0,30,11,8,0,0,NA,NA,NA,NA,NA,NA,NA,NA,NA,NA,NA,NA,NA,NA,NA,NA,NA,NA,NA,NA,NA,NA,NA,NA,27,2,5,4,0,96,8,97,8,0,0,1,9,2,1,15,8,8,2,1,0,0,1,0,0,0,7,7,2,2010,0,30,30,0,0,0,0,0,"************",0,7,2,11
"359",6,60432,1,1,2,0,71,4,4,3,55,11,42,0,0,22,22020,4,2005,"P","PONT","GPG","4D",5,17,3484,NA,0,1105,NA,"G",NA,0,0,0,1,12,12,0,21,2,2,4,13,3,0,20,0,0,0,8,9,2,1,4,8,8,2,1,0,0,695,0,0,0,7,4,4,2010,3,55,355,0,0,0,0,0,"************",0,7,2,0
"360",6,60499,1,1,1,0,73,16,4,17,2,11,1,0,0,62,62403,14,2004,"T","LNDR","FSE","4W",4,17,NA,1,0,1010,"FRE","G",NA,0,0,0,2,0,0,0,38,2,1,4,11,3,0,1,0,0,0,1,9,2,1,16,8,8,2,1,0,0,1,0,0,0,7,16,4,2010,17,2,1702,0,0,0,0,0,"************",0,7,1,0
"361",6,60747,2,1,1,0,73,1,5,2,33,11,12,2,0,37,37031,2,2008,"P","HOND","UCL","CP",8,17,2718,NA,0,1043,NA,"G",NA,0,0,0,0,12,12,0,22,2,1,4,11,3,0,1,0,0,0,1,9,2,1,22,8,8,2,1,0,0,1,0,0,0,7,1,5,2010,2,33,233,0,0,0,0,0,"************",0,7,1,0
"362",6,60998,2,1,1,0,37,17,6,2,25,11,8,0,0,49,49050,3,2008,"P","TOYT","SXC","LB",8,17,2905,NA,0,1063,NA,"G",NA,0,0,0,0,12,12,0,27,2,1,2,11,3,0,20,0,0,0,1,5,2,1,7,1,3,2,1,1,0,401,187,0,5,0,88,88,8888,88,88,8888,999,99,0,0,0,"************",8,0,0,0
"363",6,61173,2,1,1,0,75,30,6,3,49,11,12,1,0,51,51041,4,1997,"P","VOLV","960","4D",97,17,3541,NA,0,1091,NA,"G",NA,0,0,0,0,12,12,1,28,2,1,4,11,3,0,1,0,0,0,9,9,2,1,12,8,8,2,1,0,0,606,0,0,0,7,30,6,2010,3,49,349,0,0,0,0,0,"************",0,7,68,0
"364",6,61652,2,1,1,0,73,1,7,23,47,11,1,0,0,58,58401,14,1997,"P","INFI","QX4","UT",97,17,4312,NA,0,1063,NA,"G",NA,0,0,0,9,0,0,0,32,2,1,4,11,3,0,20,0,0,0,1,9,2,1,14,8,8,2,1,0,0,1,0,0,0,7,1,7,2010,23,47,2347,0,0,0,0,0,"************",0,7,1,0
"365",6,61776,1,1,1,0,37,16,9,2,0,11,1,0,0,51,51046,4,2000,"P","VOLV","S40","4D",0,17,3030,NA,0,1004,NA,"G",NA,0,0,0,2,0,98,0,24,2,1,4,11,3,0,20,0,0,0,1,8,2,1,13,8,8,2,1,1,0,605,606,0,0,7,16,9,2010,2,0,200,0,0,0,0,0,"************",0,7,1,0
"366",6,62195,1,0,1,1,95,22,12,21,0,11,8,0,0,NA,NA,NA,NA,NA,NA,NA,NA,NA,NA,NA,NA,NA,NA,NA,NA,NA,NA,NA,NA,NA,NA,NA,NA,52,2,5,4,0,96,8,97,8,0,0,9,9,2,1,26,9,8,2,1,0,0,996,0,0,0,7,22,12,2010,21,0,2100,0,0,0,0,0,"************",0,7,1,13
"367",6,62203,1,1,1,0,71,6,8,5,50,11,25,0,0,52,52401,14,1997,"P","MITS","MNS","UT",97,17,3700,NA,0,1073,NA,"G",NA,0,0,0,1,99,0,0,19,2,1,1,11,3,0,20,0,0,0,1,5,2,1,5,8,8,2,1,0,0,1,0,0,5,0,88,88,8888,88,88,8888,999,99,0,0,0,"************",8,0,0,0
"368",6,62266,1,1,1,0,37,22,11,99,99,11,33,0,0,49,49032,4,2009,"P","TOYT","CLB","4D",9,17,2723,NA,0,1024,NA,"G",NA,0,0,0,1,14,0,0,30,2,1,4,11,7,0,9,0,0,0,1,5,2,1,24,8,8,2,1,0,0,1,0,0,0,7,22,11,2010,5,2,502,999,99,0,0,0,"************",0,4,1,0
"369",6,62332,2,0,1,1,67,20,11,19,36,11,8,0,0,NA,NA,NA,NA,NA,NA,NA,NA,NA,NA,NA,NA,NA,NA,NA,NA,NA,NA,NA,NA,NA,NA,NA,NA,38,2,5,4,0,96,8,97,8,0,0,9,9,2,1,31,9,8,2,1,1,1,401,417,996,0,7,20,11,2010,19,36,1936,0,0,37,0,0,"************",9,99,99,11
"370",6,62398,1,1,2,0,73,11,11,1,15,11,24,0,0,59,59034,4,1995,"P","LEXS","GS3","4D",95,17,3660,NA,0,1094,NA,"G",NA,0,0,0,2,81,0,0,21,2,2,4,23,7,0,0,1,9,0,8,9,2,1,12,8,8,2,1,0,0,1,0,0,0,7,11,11,2010,1,15,115,0,0,0,0,0,"************",0,7,2,0
"371",6,62474,1,1,2,0,37,16,12,0,44,11,25,0,0,42,42042,4,2002,"P","MERZ","C24","4D",2,17,3210,NA,0,1068,NA,"F",NA,0,0,0,0,98,98,0,21,2,2,4,23,3,0,0,0,0,0,8,9,2,1,7,8,8,2,1,1,0,603,606,0,5,0,16,12,2010,1,28,128,0,44,0,0,0,"************",0,7,2,0
"372",6,62001,2,0,1,1,1,9,12,3,9,11,12,2,0,NA,NA,NA,NA,NA,NA,NA,NA,NA,NA,NA,NA,NA,NA,NA,NA,NA,NA,NA,NA,NA,NA,NA,NA,40,2,5,4,0,96,8,97,8,0,0,1,9,2,1,19,8,8,2,1,0,0,1,0,0,0,7,9,12,2010,3,9,309,0,0,0,0,0,"************",0,7,1,11
"373",6,61639,2,0,1,1,37,3,5,2,20,11,12,6,0,NA,NA,NA,NA,NA,NA,NA,NA,NA,NA,NA,NA,NA,NA,NA,NA,NA,NA,NA,NA,NA,NA,NA,NA,25,2,5,4,0,96,8,97,8,0,0,1,9,2,1,20,8,8,2,1,0,0,1,0,0,0,7,3,5,2010,2,20,220,0,0,0,0,0,"************",0,7,1,11
"374",6,60281,2,1,2,0,37,24,1,21,28,1,12,1,0,20,20032,4,1996,"P","GEO","GEP","4D",96,17,2359,NA,0,971,NA,"G",NA,0,0,0,0,6,6,0,64,2,2,4,13,3,0,20,0,0,0,8,9,2,1,20,8,8,2,1,0,0,1,0,0,0,7,24,1,2010,21,28,2128,0,0,0,0,0,"************",0,4,1,0
"375",6,61115,3,3,1,0,37,20,6,1,7,11,25,0,0,49,49050,3,2007,"P","TOYT","SXC","LB",7,17,2905,NA,0,1063,NA,"G",NA,0,0,0,0,9,9,0,26,2,1,3,11,3,0,98,0,0,0,1,9,2,1,16,8,8,0,0,0,0,0,0,0,5,0,88,88,8888,88,88,8888,999,99,0,0,0,"************",8,0,0,0
"376",8,80051,2,1,1,0,19,25,3,16,19,1,12,6,0,12,12471,30,1999,"T","FORD","RNS","PS",99,17,NA,1,0,1259,"RNG","G",NA,0,0,0,1,83,0,0,56,2,1,4,11,7,0,1,1,1,0,1,8,2,1,12,0,7,2,1,0,0,1,0,0,0,7,25,3,2010,16,37,1637,0,18,0,0,0,"************",0,7,1,0
"377",8,80350,1,1,2,0,101,14,11,11,20,1,31,0,0,6,6441,20,2005,"P","CHRY","TWC","SV",5,17,4121,NA,0,1193,NA,"G",NA,0,0,0,1,9,0,0,36,2,2,4,13,3,0,20,0,0,0,0,5,2,1,11,0,7,0,0,0,0,0,0,0,0,7,14,11,2010,12,40,1240,1,20,0,0,0,"************",0,7,1,0
"378",8,80360,2,2,1,0,77,23,11,18,37,1,12,6,0,7,7402,14,1998,"P","DODG","DUR","UT",98,17,4349,NA,0,1159,NA,"G",NA,0,0,0,0,12,12,0,19,2,1,4,11,7,0,1,0,0,1,1,8,2,1,20,0,7,2,2,0,0,1,0,0,0,7,23,11,2010,20,20,2020,1,43,0,0,0,"************",0,7,1,0
"379",8,80173,1,1,1,0,41,2,7,1,40,11,1,0,0,22,22019,2,2007,"P","PONT","G/5","CP",7,17,2991,NA,0,1035,NA,"G",NA,0,0,0,2,0,0,0,29,2,1,4,11,3,0,20,0,0,0,0,8,2,1,13,0,7,2,3,0,0,998,0,0,0,7,2,7,2010,3,0,300,1,20,0,0,0,"************",0,7,1,0
"380",8,80180,2,1,1,0,1,5,7,23,15,11,12,2,0,49,49402,14,2008,"P","TOYT","RG4","UT",8,17,3675,NA,0,1047,NA,"G",NA,0,0,0,0,12,12,0,35,2,1,1,11,3,0,1,0,0,0,1,8,2,1,25,1,7,2,1,0,0,997,0,0,5,0,88,88,8888,88,88,8888,999,99,0,0,0,"************",8,0,0,0
"381",8,80180,2,2,2,0,1,5,7,23,15,11,12,2,0,37,37032,6,1991,"P","HOND","ALX","SW",91,17,3122,NA,0,1071,NA,"G",NA,0,0,0,0,12,12,0,22,2,2,4,13,3,0,0,0,0,0,0,8,2,1,1,0,7,2,2,0,0,1,0,0,0,7,5,7,2010,23,47,2347,0,32,0,0,0,"************",0,1,1,0
"382",8,80162,2,1,1,0,59,11,6,3,25,11,12,6,0,35,35043,4,2008,"P","NISS","SL2","4D",8,17,2804,NA,0,1057,NA,"G",NA,0,0,0,0,1,1,0,26,2,1,4,11,7,0,1,1,3,0,1,8,2,1,24,1,8,2,7,0,0,997,0,0,0,7,11,6,2010,3,25,325,0,0,0,0,0,"************",0,1,1,0
"383",15,150104,1,1,1,0,3,10,12,4,21,11,35,0,0,49,49472,30,2002,"TRUE","TOYT","XTR","PC",2,17,NA,1,0,1219,"TAC","G",NA,0,0,0,0,12,0,0,24,2,1,4,11,7,0,1,1,9,0,1,9,2,1,20,8,8,2,2,0,0,996,0,0,5,0,10,12,2010,10,35,1035,6,14,0,0,0,"************",0,7,6,0
"384",16,160056,1,1,2,0,39,6,6,2,30,1,1,0,0,23,23481,31,2003,"TRUE","GMC","NC1","PK",3,17,NA,2,1330,1190,"SIE","G",NA,0,0,0,9,0,4,0,18,2,2,4,13,7,0,20,1,9,0,8,9,2,1,9,8,8,0,0,0,0,0,0,0,0,7,6,6,2010,2,30,230,0,0,0,0,0,"************",0,7,1,0
"385",30,300082,1,1,1,0,3,25,7,15,39,1,34,0,0,14,14038,2,2000,"P","MERC","CU6","2H",0,17,2881,NA,0,1064,NA,"G",NA,0,0,0,1,81,99,0,20,2,1,4,11,7,0,20,1,9,0,1,9,2,1,24,9,8,0,0,0,0,0,0,0,1,0,25,7,2010,23,55,2355,8,16,0,0,0,"************",0,7,3,0
"386",30,300137,1,1,1,0,111,7,11,3,40,1,1,0,0,49,49472,30,2002,"T","TOYT","XTR","PC",2,17,NA,1,0,1219,"TAC","G",NA,0,0,0,1,0,12,0,27,2,1,5,11,3,0,20,0,0,0,1,5,2,1,20,1,8,2,1,1,0,401,996,0,5,0,88,88,8888,88,88,8888,999,99,0,0,0,"************",8,0,0,0
"387",32,320147,1,1,1,0,31,23,8,2,19,11,18,0,0,37,37032,2,1990,"P","HOND","AER","CP",90,17,2888,NA,0,1071,NA,"G",NA,0,0,0,1,9,98,0,19,2,1,4,11,1,1,0,1,9,0,1,1,2,1,14,0,1,2,1,0,0,1,0,0,0,7,23,8,2010,2,35,235,0,16,0,0,0,"************",0,6,1,0
"388",35,350038,1,1,1,0,53,30,5,19,12,1,1,0,0,55,55033,4,2004,"P","HYUN","SOL","4D",4,17,3181,NA,0,1063,NA,"G",NA,0,0,0,1,0,13,0,22,2,1,4,11,7,0,20,1,9,0,1,2,2,1,34,8,8,2,1,0,0,1,0,0,0,7,30,5,2010,21,12,2112,2,0,0,0,0,"************",0,6,1,0
"389",35,350121,2,1,1,0,6,12,7,2,0,1,12,1,0,22,22022,4,2007,"P","PONT","6VB","4D",7,17,3305,NA,0,1123,NA,"G",NA,0,0,0,0,12,12,0,34,2,1,4,11,3,0,1,0,0,1,1,1,2,1,11,8,8,2,1,0,0,1,0,0,0,7,12,7,2010,2,19,219,0,19,0,0,0,"************",0,7,1,0
"390",35,350179,2,1,1,0,1,4,7,18,56,1,12,2,0,12,12037,5,2002,"P","FORD","FX5","5D",2,17,2699,NA,0,1030,NA,"G",NA,0,0,0,0,12,12,0,28,2,1,4,11,2,1,1,0,0,0,1,1,2,1,16,8,8,2,1,0,0,1,0,0,0,7,4,7,2010,19,25,1925,0,29,0,0,0,"************",0,7,3,0
"391",35,350283,2,1,1,0,49,14,12,2,24,1,12,2,0,35,35047,4,2007,"P","NISS","ATL","4D",7,17,3294,NA,0,1093,NA,"G",NA,0,0,0,0,12,12,0,26,2,1,4,11,3,0,20,0,0,0,1,1,2,1,26,8,8,2,1,0,0,1,0,0,5,8,14,12,2010,10,35,1035,8,11,0,0,0,"************",0,7,1,0
"392",41,410057,1,1,2,0,51,7,4,23,49,11,24,0,0,20,20481,31,1969,"P",NA,NA,NA,NA,NA,NA,NA,NA,NA,NA,NA,NA,0,0,0,0,12,12,0,40,2,2,3,13,7,0,0,1,1,0,8,9,2,1,4,8,8,0,0,0,0,0,0,0,5,0,88,88,8888,88,88,8888,999,99,0,0,0,"************",8,0,0,0
"393",41,410104,1,0,1,1,29,2,6,2,16,11,8,0,0,NA,NA,NA,NA,NA,NA,NA,NA,NA,NA,NA,NA,NA,NA,NA,NA,NA,NA,NA,NA,NA,NA,NA,NA,51,2,5,4,0,96,8,97,8,0,0,9,9,2,1,18,9,8,0,0,0,0,0,0,0,0,7,3,6,2010,2,16,216,24,0,0,0,0,"************",0,7,1,11
"394",41,410217,2,1,1,0,47,25,9,12,35,11,12,6,0,37,37031,2,1997,"P","HOND","DSI","CP",97,17,2347,NA,0,933,NA,"G",NA,0,0,0,0,7,7,0,30,2,1,4,11,3,0,1,0,0,1,9,9,2,1,4,9,8,0,0,0,0,0,0,0,0,7,25,9,2010,12,35,1235,0,0,0,0,0,"************",0,7,1,0
"395",41,410254,1,0,1,1,39,8,11,18,5,11,8,0,0,NA,NA,NA,NA,NA,NA,NA,NA,NA,NA,NA,NA,NA,NA,NA,NA,NA,NA,NA,NA,NA,NA,NA,NA,53,2,5,4,0,96,8,97,8,0,0,1,9,2,1,21,8,8,2,3,0,0,1,0,0,0,7,8,11,2010,18,5,1805,0,0,0,0,0,"************",0,7,1,11
"396",49,490191,1,0,1,1,49,18,12,21,22,11,8,0,0,NA,NA,NA,NA,NA,NA,NA,NA,NA,NA,NA,NA,NA,NA,NA,NA,NA,NA,NA,NA,NA,NA,NA,NA,52,2,5,4,0,96,8,97,8,0,0,8,9,2,1,3,8,8,2,1,1,0,351,313,0,0,7,19,12,2010,21,30,2130,24,8,0,0,0,"************",0,7,1,11
"397",53,530290,1,1,1,0,33,24,9,1,25,11,14,0,0,12,12401,14,2000,"P","FORD","EPR","UT",0,17,4065,NA,0,1116,NA,"G",NA,0,0,0,0,5,5,0,20,2,1,0,11,99,0,99,0,0,0,0,9,2,1,4,8,8,2,1,0,0,603,0,0,0,0,88,88,8888,88,88,8888,999,99,0,0,0,"************",8,0,0,0
"398",56,560016,2,1,1,0,37,24,3,9,0,1,12,6,0,12,12402,14,2005,"P","FORD","SPE","UT",5,17,3464,NA,0,1031,NA,"G",NA,0,0,0,0,12,12,0,40,2,1,4,11,7,0,1,0,0,0,0,9,2,1,1,0,8,2,1,1,1,401,606,996,0,7,24,3,2010,9,0,900,0,0,0,0,0,"************",1,7,1,0
"399",56,560078,2,1,1,0,1,25,8,3,11,1,12,8,0,55,55036,3,1997,"P","HYUN","AST","2H",97,17,2101,NA,0,945,NA,"G",NA,0,0,0,0,11,99,0,30,2,1,4,11,7,0,1,2,9,0,1,9,2,1,33,8,8,2,1,0,0,1,0,0,0,7,25,8,2010,3,11,311,0,0,0,0,0,"************",0,7,1,0
